time_s,x_m,y_m,course_deg,speed_ms,rudder_deg,rpm_percent,rot_deg_min
5.00,12.36,-26.70,0.00,4.706,0.00,50.0,0.00
6.00,12.36,-22.03,0.00,4.662,0.00,50.0,0.00
7.00,12.36,-17.42,0.00,4.618,0.00,50.0,0.00
8.00,12.36,-12.84,0.00,4.576,0.00,50.0,0.00
9.00,12.36,-8.30,0.00,4.535,0.00,50.0,0.00
10.00,12.36,-3.81,0.00,4.494,0.00,50.0,0.00
11.00,12.36,0.64,0.00,4.454,0.00,50.0,0.00
12.00,12.36,5.06,0.00,4.415,0.00,50.0,0.00
13.00,12.36,9.44,0.00,4.377,0.00,50.0,0.00
14.00,12.36,13.77,0.00,4.339,0.00,50.0,0.00
15.00,12.36,18.08,0.00,4.302,0.00,50.0,0.00
16.00,12.36,22.34,0.00,4.266,0.00,50.0,0.00
17.00,12.36,26.57,0.00,4.231,0.00,50.0,0.00
18.00,12.36,30.77,0.00,4.196,0.00,50.0,0.00
19.00,12.36,34.93,0.00,4.162,0.00,50.0,0.00
20.00,12.36,39.06,0.00,4.129,0.00,50.0,0.00
21.00,12.36,43.15,0.00,4.087,5.00,40.0,0.06
22.00,12.36,47.19,0.00,4.045,5.00,40.0,0.11
23.00,12.36,51.20,0.01,4.004,5.00,40.0,0.17
24.00,12.36,55.16,0.01,3.964,5.00,40.0,0.22
25.00,12.36,59.09,0.01,3.925,5.00,40.0,0.27
26.00,12.36,62.97,0.02,3.886,5.00,40.0,0.32
27.00,12.36,66.82,0.02,3.848,5.00,40.0,0.36
28.00,12.37,70.63,0.03,3.811,5.00,40.0,0.41
29.00,12.37,74.41,0.04,3.775,5.00,40.0,0.45
30.00,12.37,78.15,0.05,3.740,5.00,40.0,0.49
31.00,12.37,81.85,0.06,3.705,5.00,40.0,0.53
32.00,12.38,85.52,0.07,3.671,5.00,40.0,0.57
33.00,12.38,89.16,0.08,3.637,5.00,40.0,0.61
34.00,12.39,92.76,0.09,3.605,5.00,40.0,0.65
35.00,12.39,96.34,0.10,3.573,5.00,40.0,0.68
36.00,12.40,99.88,0.11,3.541,5.00,40.0,0.72
37.00,12.40,103.38,0.12,3.505,10.00,35.0,0.81
38.00,12.41,106.85,0.14,3.470,10.00,35.0,0.90
39.00,12.42,110.29,0.15,3.436,10.00,35.0,0.98
40.00,12.43,113.69,0.17,3.402,10.00,35.0,1.06
41.00,12.44,117.06,0.19,3.369,10.00,35.0,1.14
42.00,12.45,120.40,0.21,3.337,10.00,35.0,1.22
43.00,12.46,123.70,0.23,3.305,10.00,35.0,1.29
44.00,12.48,126.98,0.26,3.274,10.00,35.0,1.36
45.00,12.49,130.22,0.28,3.243,10.00,35.0,1.43
46.00,12.51,133.43,0.30,3.213,10.00,35.0,1.50
47.00,12.52,136.62,0.33,3.184,10.00,35.0,1.56
48.00,12.54,139.77,0.36,3.155,10.00,35.0,1.62
49.00,12.56,142.90,0.39,3.127,10.00,35.0,1.68
50.00,12.58,146.00,0.42,3.100,10.00,35.0,1.74
51.00,12.60,149.07,0.45,3.073,10.00,35.0,1.80
52.00,12.63,152.12,0.48,3.046,10.00,35.0,1.85
53.00,12.65,155.14,0.51,3.020,10.00,35.0,1.91
54.00,12.68,158.13,0.54,2.995,10.00,35.0,1.96
55.00,12.71,161.10,0.57,2.970,10.00,35.0,2.01
56.00,12.74,164.05,0.61,2.946,15.00,35.0,2.11
57.00,12.77,166.97,0.65,2.922,15.00,35.0,2.21
58.00,12.80,169.87,0.68,2.898,15.00,35.0,2.31
59.00,12.84,172.74,0.72,2.875,15.00,35.0,2.40
60.00,12.87,175.60,0.77,2.853,15.00,35.0,2.49
61.00,12.91,178.43,0.81,2.831,15.00,35.0,2.58
62.00,12.95,181.24,0.85,2.809,15.00,35.0,2.67
63.00,12.99,184.02,0.90,2.788,15.00,35.0,2.75
64.00,13.03,186.79,0.95,2.767,15.00,35.0,2.83
65.00,13.08,189.54,0.99,2.747,15.00,35.0,2.91
66.00,13.13,192.26,1.04,2.727,15.00,35.0,2.98
67.00,13.18,194.97,1.10,2.707,15.00,35.0,3.05
68.00,13.23,197.66,1.15,2.688,15.00,35.0,3.12
69.00,13.28,200.33,1.20,2.670,15.00,35.0,3.19
70.00,13.34,202.98,1.25,2.651,15.00,35.0,3.26
71.00,13.39,205.61,1.31,2.633,15.00,35.0,3.32
72.00,13.45,208.23,1.37,2.615,20.00,35.0,3.44
73.00,13.52,210.82,1.43,2.598,20.00,35.0,3.55
74.00,13.58,213.40,1.49,2.581,20.00,35.0,3.66
75.00,13.65,215.97,1.55,2.565,20.00,35.0,3.77
76.00,13.72,218.51,1.62,2.548,20.00,35.0,3.87
77.00,13.79,221.05,1.68,2.532,20.00,35.0,3.97
78.00,13.86,223.56,1.75,2.517,20.00,35.0,4.07
79.00,13.94,226.06,1.82,2.501,20.00,35.0,4.16
80.00,14.02,228.55,1.89,2.486,20.00,35.0,4.25
81.00,14.10,231.02,1.96,2.472,20.00,35.0,4.34
82.00,14.18,233.47,2.04,2.457,20.00,35.0,4.42
83.00,14.27,235.91,2.11,2.443,20.00,35.0,4.50
84.00,14.36,238.34,2.19,2.424,25.00,30.0,4.64
85.00,14.45,240.74,2.27,2.406,25.00,30.0,4.77
86.00,14.54,243.13,2.35,2.388,25.00,30.0,4.89
87.00,14.64,245.49,2.43,2.370,25.00,30.0,5.02
88.00,14.74,247.84,2.52,2.352,25.00,30.0,5.14
89.00,14.84,250.18,2.61,2.335,25.00,30.0,5.25
90.00,14.95,252.49,2.69,2.319,25.00,30.0,5.36
91.00,15.06,254.79,2.79,2.302,25.00,30.0,5.47
92.00,15.17,257.08,2.88,2.286,25.00,30.0,5.57
93.00,15.28,259.34,2.97,2.271,25.00,30.0,5.67
94.00,15.40,261.60,3.07,2.255,25.00,30.0,5.77
95.00,15.52,263.83,3.17,2.240,25.00,30.0,5.86
96.00,15.64,266.06,3.27,2.225,25.00,30.0,5.95
97.00,15.77,268.26,3.37,2.211,25.00,30.0,6.04
98.00,15.90,270.45,3.47,2.196,25.00,30.0,6.12
99.00,16.03,272.63,3.57,2.183,25.00,30.0,6.21
100.00,16.16,274.80,3.68,2.169,25.00,30.0,6.28
101.00,16.30,276.95,3.78,2.156,25.00,30.0,6.36
102.00,16.44,279.09,3.89,2.142,25.00,30.0,6.43
103.00,16.59,281.21,4.00,2.130,25.00,30.0,6.51
104.00,16.74,283.32,4.11,2.117,25.00,30.0,6.57
105.00,16.89,285.42,4.22,2.105,25.00,30.0,6.64
106.00,17.04,287.51,4.33,2.093,25.00,30.0,6.71
107.00,17.20,289.58,4.44,2.081,25.00,30.0,6.77
108.00,17.36,291.65,4.56,2.069,25.00,30.0,6.83
109.00,17.52,293.70,4.67,2.058,25.00,30.0,6.89
110.00,17.69,295.74,4.79,2.047,25.00,30.0,6.94
111.00,17.86,297.77,4.90,2.036,25.00,30.0,7.00
112.00,18.03,299.78,5.02,2.025,25.00,30.0,7.05
113.00,18.21,301.79,5.14,2.014,25.00,30.0,7.10
114.00,18.39,303.79,5.26,2.004,25.00,30.0,7.15
115.00,18.57,305.77,5.38,1.994,25.00,30.0,7.20
116.00,18.76,307.75,5.50,1.984,25.00,30.0,7.24
117.00,18.95,309.71,5.62,1.974,25.00,30.0,7.29
118.00,19.14,311.67,5.74,1.965,25.00,30.0,7.33
119.00,19.33,313.61,5.87,1.956,25.00,30.0,7.37
120.00,19.53,315.55,5.99,1.947,25.00,30.0,7.41
121.00,19.73,317.48,6.11,1.938,25.00,30.0,7.45
122.00,19.94,319.40,6.24,1.929,25.00,30.0,7.49
123.00,20.15,321.30,6.36,1.920,25.00,30.0,7.52
124.00,20.36,323.20,6.49,1.912,25.00,30.0,7.56
125.00,20.58,325.10,6.62,1.904,25.00,30.0,7.59
126.00,20.79,326.98,6.74,1.896,25.00,30.0,7.62
127.00,21.02,328.85,6.87,1.888,25.00,30.0,7.66
128.00,21.24,330.72,7.00,1.880,25.00,30.0,7.69
129.00,21.47,332.58,7.13,1.872,25.00,30.0,7.72
130.00,21.70,334.43,7.26,1.865,25.00,30.0,7.74
131.00,21.93,336.27,7.39,1.858,25.00,30.0,7.77
132.00,22.17,338.11,7.52,1.850,25.00,30.0,7.80
133.00,22.41,339.93,7.65,1.843,25.00,30.0,7.82
134.00,22.66,341.75,7.78,1.837,25.00,30.0,7.85
135.00,22.91,343.57,7.91,1.830,25.00,30.0,7.87
136.00,23.16,345.37,8.04,1.823,25.00,30.0,7.90
137.00,23.41,347.17,8.17,1.817,25.00,30.0,7.92
138.00,23.67,348.96,8.30,1.810,25.00,30.0,7.94
139.00,23.93,350.75,8.44,1.804,25.00,30.0,7.96
140.00,24.19,352.53,8.57,1.798,25.00,30.0,7.98
141.00,24.46,354.30,8.70,1.792,25.00,30.0,8.00
142.00,24.73,356.07,8.84,1.786,25.00,30.0,8.02
143.00,25.00,357.83,8.97,1.781,25.00,30.0,8.04
144.00,25.28,359.58,9.11,1.775,25.00,30.0,8.06
145.00,25.56,361.33,9.24,1.769,25.00,30.0,8.07
146.00,25.84,363.07,9.38,1.764,25.00,30.0,8.09
147.00,26.13,364.80,9.51,1.759,25.00,30.0,8.11
148.00,26.42,366.53,9.65,1.754,25.00,30.0,8.12
149.00,26.71,368.26,9.78,1.749,25.00,30.0,8.14
150.00,27.01,369.97,9.92,1.744,25.00,30.0,8.15
151.00,27.31,371.69,10.05,1.739,25.00,30.0,8.17
152.00,27.61,373.39,10.19,1.734,25.00,30.0,8.18
153.00,27.92,375.10,10.33,1.729,25.00,30.0,8.19
154.00,28.23,376.79,10.46,1.725,25.00,30.0,8.20
155.00,28.54,378.48,10.60,1.720,25.00,30.0,8.22
156.00,28.85,380.17,10.74,1.716,25.00,30.0,8.23
157.00,29.17,381.85,10.87,1.711,25.00,30.0,8.24
158.00,29.50,383.53,11.01,1.707,25.00,30.0,8.25
159.00,29.82,385.20,11.15,1.703,25.00,30.0,8.26
160.00,30.15,386.87,11.29,1.699,25.00,30.0,8.27
161.00,30.48,388.53,11.43,1.695,25.00,30.0,8.28
162.00,30.82,390.19,11.56,1.691,25.00,30.0,8.29
163.00,31.15,391.84,11.70,1.687,25.00,30.0,8.30
164.00,31.50,393.49,11.84,1.684,25.00,30.0,8.31
165.00,31.84,395.13,11.98,1.680,25.00,30.0,8.32
166.00,32.19,396.77,12.12,1.676,25.00,30.0,8.33
167.00,32.54,398.41,12.26,1.673,25.00,30.0,8.34
168.00,32.89,400.04,12.40,1.669,25.00,30.0,8.34
169.00,33.25,401.67,12.54,1.666,25.00,30.0,8.35
170.00,33.61,403.29,12.67,1.663,25.00,30.0,8.36
171.00,33.98,404.91,12.81,1.659,25.00,30.0,8.37
172.00,34.34,406.52,12.95,1.656,25.00,30.0,8.37
173.00,34.71,408.14,13.09,1.653,25.00,30.0,8.38
174.00,35.09,409.74,13.23,1.650,25.00,30.0,8.39
175.00,35.47,411.35,13.37,1.647,25.00,30.0,8.39
176.00,35.85,412.95,13.51,1.644,25.00,30.0,8.40
177.00,36.23,414.54,13.65,1.641,25.00,30.0,8.40
178.00,36.62,416.13,13.79,1.638,25.00,30.0,8.41
179.00,37.01,417.72,13.93,1.636,25.00,30.0,8.41
180.00,37.40,419.31,14.07,1.633,25.00,30.0,8.42
181.00,37.80,420.89,14.21,1.630,25.00,30.0,8.42
182.00,38.19,422.47,14.35,1.628,25.00,30.0,8.43
183.00,38.60,424.04,14.49,1.625,25.00,30.0,8.43
184.00,39.00,425.61,14.64,1.623,25.00,30.0,8.44
185.00,39.41,427.18,14.78,1.620,25.00,30.0,8.44
186.00,39.83,428.74,14.92,1.618,25.00,30.0,8.45
187.00,40.24,430.30,15.06,1.615,25.00,30.0,8.45
188.00,40.66,431.86,15.20,1.613,25.00,30.0,8.46
189.00,41.08,433.42,15.34,1.611,25.00,30.0,8.46
190.00,41.51,434.97,15.48,1.609,25.00,30.0,8.46
191.00,41.94,436.51,15.62,1.606,25.00,30.0,8.47
192.00,42.37,438.06,15.76,1.604,25.00,30.0,8.47
193.00,42.80,439.60,15.90,1.602,25.00,30.0,8.47
194.00,43.24,441.14,16.05,1.600,25.00,30.0,8.48
195.00,43.68,442.68,16.19,1.598,25.00,30.0,8.48
196.00,44.13,444.21,16.33,1.596,25.00,30.0,8.48
197.00,44.58,445.74,16.47,1.594,25.00,30.0,8.49
198.00,45.03,447.27,16.61,1.592,25.00,30.0,8.49
199.00,45.48,448.79,16.75,1.591,25.00,30.0,8.49
200.00,45.94,450.31,16.89,1.589,25.00,30.0,8.49
201.00,46.40,451.83,17.04,1.587,25.00,30.0,8.50
202.00,46.87,453.35,17.18,1.585,25.00,30.0,8.50
203.00,47.34,454.86,17.32,1.583,25.00,30.0,8.50
204.00,47.81,456.37,17.46,1.582,25.00,30.0,8.50
205.00,48.28,457.88,17.60,1.580,25.00,30.0,8.51
206.00,48.76,459.38,17.74,1.579,25.00,30.0,8.51
207.00,49.24,460.88,17.89,1.577,25.00,30.0,8.51
208.00,49.72,462.38,18.03,1.575,25.00,30.0,8.51
209.00,50.21,463.88,18.17,1.574,25.00,30.0,8.51
210.00,50.70,465.37,18.31,1.572,30.00,30.0,8.57
211.00,51.19,466.86,18.46,1.571,30.00,30.0,8.63
212.00,51.69,468.35,18.60,1.570,30.00,30.0,8.69
213.00,52.19,469.84,18.75,1.568,30.00,30.0,8.74
214.00,52.69,471.32,18.89,1.567,30.00,30.0,8.79
215.00,53.20,472.80,19.04,1.566,30.00,30.0,8.84
216.00,53.71,474.28,19.19,1.564,30.00,30.0,8.89
217.00,54.22,475.76,19.34,1.563,30.00,30.0,8.94
218.00,54.74,477.23,19.49,1.562,30.00,30.0,8.98
219.00,55.26,478.70,19.64,1.560,30.00,30.0,9.02
220.00,55.79,480.17,19.79,1.559,30.00,30.0,9.07
221.00,56.31,481.64,19.94,1.558,30.00,30.0,9.11
222.00,56.85,483.10,20.09,1.557,30.00,30.0,9.15
223.00,57.38,484.56,20.25,1.556,30.00,30.0,9.18
224.00,57.92,486.02,20.40,1.555,30.00,30.0,9.22
225.00,58.46,487.48,20.55,1.554,30.00,30.0,9.26
226.00,59.00,488.93,20.71,1.552,30.00,30.0,9.29
227.00,59.55,490.38,20.87,1.551,30.00,30.0,9.32
228.00,60.11,491.83,21.02,1.550,30.00,30.0,9.36
229.00,60.66,493.28,21.18,1.549,30.00,30.0,9.39
230.00,61.22,494.72,21.33,1.548,30.00,30.0,9.42
231.00,61.78,496.16,21.49,1.547,30.00,30.0,9.45
232.00,62.35,497.60,21.65,1.546,30.00,30.0,9.47
233.00,62.92,499.04,21.81,1.546,30.00,30.0,9.50
234.00,63.49,500.47,21.97,1.545,30.00,30.0,9.53
235.00,64.07,501.90,22.13,1.544,30.00,30.0,9.55
236.00,64.65,503.33,22.29,1.543,30.00,30.0,9.58
237.00,65.24,504.76,22.45,1.542,30.00,30.0,9.60
238.00,65.83,506.18,22.61,1.541,30.00,30.0,9.62
239.00,66.42,507.61,22.77,1.540,30.00,30.0,9.65
240.00,67.01,509.03,22.93,1.540,30.00,30.0,9.67
241.00,67.61,510.44,23.09,1.539,30.00,30.0,9.69
242.00,68.22,511.86,23.25,1.538,30.00,30.0,9.71
243.00,68.82,513.27,23.41,1.537,30.00,30.0,9.73
244.00,69.43,514.68,23.58,1.536,30.00,30.0,9.75
245.00,70.05,516.09,23.74,1.536,30.00,30.0,9.76
246.00,70.67,517.49,23.90,1.535,30.00,30.0,9.78
247.00,71.29,518.90,24.06,1.534,30.00,30.0,9.80
248.00,71.91,520.30,24.23,1.534,30.00,30.0,9.81
249.00,72.54,521.69,24.39,1.533,30.00,30.0,9.83
250.00,73.17,523.09,24.56,1.532,30.00,30.0,9.84
251.00,73.81,524.48,24.72,1.532,30.00,30.0,9.86
252.00,74.45,525.87,24.88,1.531,30.00,30.0,9.87
253.00,75.10,527.26,25.05,1.530,30.00,30.0,9.89
254.00,75.74,528.65,25.21,1.530,30.00,30.0,9.90
255.00,76.39,530.03,25.38,1.529,30.00,30.0,9.91
256.00,77.05,531.41,25.55,1.529,30.00,30.0,9.93
257.00,77.71,532.79,25.71,1.528,30.00,30.0,9.94
258.00,78.37,534.17,25.88,1.527,30.00,30.0,9.95
259.00,79.04,535.54,26.04,1.527,30.00,30.0,9.96
260.00,79.71,536.91,26.21,1.526,30.00,30.0,9.97
261.00,80.38,538.28,26.38,1.526,30.00,30.0,9.98
262.00,81.06,539.65,26.54,1.525,30.00,30.0,9.99
263.00,81.74,541.01,26.71,1.525,30.00,30.0,10.00
264.00,82.43,542.37,26.88,1.524,30.00,30.0,10.01
265.00,83.11,543.73,27.04,1.524,30.00,30.0,10.02
266.00,83.81,545.09,27.21,1.523,30.00,30.0,10.03
267.00,84.50,546.44,27.38,1.523,30.00,30.0,10.04
268.00,85.20,547.80,27.54,1.522,30.00,30.0,10.05
269.00,85.91,549.15,27.71,1.522,30.00,30.0,10.05
270.00,86.62,550.49,27.88,1.522,30.00,30.0,10.06
271.00,87.33,551.84,28.05,1.521,30.00,30.0,10.07
272.00,88.04,553.18,28.22,1.521,30.00,30.0,10.08
273.00,88.76,554.52,28.38,1.520,30.00,30.0,10.08
274.00,89.48,555.86,28.55,1.520,30.00,30.0,10.09
275.00,90.21,557.19,28.72,1.519,30.00,30.0,10.10
276.00,90.94,558.52,28.89,1.519,30.00,30.0,10.10
277.00,91.67,559.85,29.06,1.519,30.00,30.0,10.11
278.00,92.41,561.18,29.23,1.518,30.00,30.0,10.11
279.00,93.15,562.50,29.39,1.518,30.00,30.0,10.12
280.00,93.90,563.83,29.56,1.518,30.00,30.0,10.13
281.00,94.64,565.15,29.73,1.517,30.00,30.0,10.13
282.00,95.40,566.46,29.90,1.517,30.00,30.0,10.14
283.00,96.15,567.78,30.07,1.517,30.00,30.0,10.14
284.00,96.91,569.09,30.24,1.516,30.00,30.0,10.15
285.00,97.68,570.40,30.41,1.516,30.00,30.0,10.15
286.00,98.44,571.71,30.58,1.516,30.00,30.0,10.16
287.00,99.21,573.01,30.75,1.515,30.00,30.0,10.16
288.00,99.99,574.31,30.92,1.515,30.00,30.0,10.16
289.00,100.77,575.61,31.09,1.515,30.00,30.0,10.17
290.00,101.55,576.91,31.25,1.514,30.00,30.0,10.17
291.00,102.33,578.21,31.42,1.514,30.00,30.0,10.18
292.00,103.12,579.50,31.59,1.514,30.00,30.0,10.18
293.00,103.92,580.79,31.76,1.514,30.00,30.0,10.18
294.00,104.71,582.07,31.93,1.513,30.00,30.0,10.19
295.00,105.51,583.36,32.10,1.513,30.00,30.0,10.19
296.00,106.32,584.64,32.27,1.513,30.00,30.0,10.19
297.00,107.13,585.92,32.44,1.512,30.00,30.0,10.20
298.00,107.94,587.19,32.61,1.512,30.00,30.0,10.20
299.00,108.75,588.47,32.78,1.512,30.00,30.0,10.20
300.00,109.57,589.74,32.95,1.512,30.00,30.0,10.20
301.00,110.39,591.01,33.12,1.512,30.00,30.0,10.21
302.00,111.22,592.27,33.29,1.511,30.00,30.0,10.21
303.00,112.05,593.54,33.46,1.511,30.00,30.0,10.21
304.00,112.88,594.80,33.63,1.511,30.00,30.0,10.21
305.00,113.72,596.05,33.80,1.511,30.00,30.0,10.22
306.00,114.56,597.31,33.97,1.510,30.00,30.0,10.22
307.00,115.40,598.56,34.15,1.510,30.00,30.0,10.22
308.00,116.25,599.81,34.32,1.510,30.00,30.0,10.22
309.00,117.10,601.06,34.49,1.510,30.00,30.0,10.23
310.00,117.95,602.30,34.66,1.510,30.00,30.0,10.23
311.00,118.81,603.54,34.83,1.509,30.00,30.0,10.23
312.00,119.68,604.78,35.00,1.509,30.00,30.0,10.23
313.00,120.54,606.02,35.17,1.509,30.00,30.0,10.23
314.00,121.41,607.25,35.34,1.509,30.00,30.0,10.24
315.00,122.28,608.48,35.51,1.509,30.00,30.0,10.24
316.00,123.16,609.71,35.68,1.509,30.00,30.0,10.24
317.00,124.04,610.94,35.85,1.508,30.00,30.0,10.24
318.00,124.92,612.16,36.02,1.508,30.00,30.0,10.24
319.00,125.81,613.38,36.19,1.508,30.00,30.0,10.24
320.00,126.70,614.59,36.36,1.508,30.00,30.0,10.24
321.00,127.59,615.81,36.53,1.508,30.00,30.0,10.25
322.00,128.49,617.02,36.70,1.508,30.00,30.0,10.25
323.00,129.39,618.23,36.88,1.507,30.00,30.0,10.25
324.00,130.30,619.43,37.05,1.507,30.00,30.0,10.25
325.00,131.20,620.64,37.22,1.507,30.00,30.0,10.25
326.00,132.12,621.84,37.39,1.507,30.00,30.0,10.25
327.00,133.03,623.03,37.56,1.507,30.00,30.0,10.25
328.00,133.95,624.23,37.73,1.507,30.00,30.0,10.25
329.00,134.87,625.42,37.90,1.507,30.00,30.0,10.26
330.00,135.80,626.61,38.07,1.506,30.00,30.0,10.26
331.00,136.72,627.80,38.24,1.506,30.00,30.0,10.26
332.00,137.66,628.98,38.41,1.506,30.00,30.0,10.26
333.00,138.59,630.16,38.58,1.506,30.00,30.0,10.26
334.00,139.53,631.34,38.76,1.506,30.00,30.0,10.26
335.00,140.47,632.51,38.93,1.506,30.00,30.0,10.26
336.00,141.42,633.68,39.10,1.506,30.00,30.0,10.26
337.00,142.37,634.85,39.27,1.506,30.00,30.0,10.26
338.00,143.32,636.01,39.44,1.505,30.00,30.0,10.26
339.00,144.28,637.18,39.61,1.505,30.00,30.0,10.26
340.00,145.24,638.34,39.78,1.505,30.00,30.0,10.26
341.00,146.20,639.49,39.95,1.505,30.00,30.0,10.27
342.00,147.17,640.65,40.12,1.505,30.00,30.0,10.27
343.00,148.14,641.80,40.29,1.505,30.00,30.0,10.27
344.00,149.11,642.95,40.47,1.505,30.00,30.0,10.27
345.00,150.09,644.09,40.64,1.505,30.00,30.0,10.27
346.00,151.07,645.23,40.81,1.505,30.00,30.0,10.27
347.00,152.05,646.37,40.98,1.505,30.00,30.0,10.27
348.00,153.04,647.51,41.15,1.504,30.00,30.0,10.27
349.00,154.03,648.64,41.32,1.504,30.00,30.0,10.27
350.00,155.02,649.77,41.49,1.504,30.00,30.0,10.27
351.00,156.02,650.90,41.66,1.504,30.00,30.0,10.27
352.00,157.02,652.02,41.84,1.504,30.00,30.0,10.27
353.00,158.02,653.14,42.01,1.504,30.00,30.0,10.27
354.00,159.03,654.26,42.18,1.504,30.00,30.0,10.27
355.00,160.04,655.37,42.35,1.504,30.00,30.0,10.27
356.00,161.05,656.48,42.52,1.504,30.00,30.0,10.27
357.00,162.07,657.59,42.69,1.504,30.00,30.0,10.27
358.00,163.09,658.70,42.86,1.504,30.00,30.0,10.27
359.00,164.11,659.80,43.03,1.504,30.00,30.0,10.27
360.00,165.13,660.90,43.21,1.504,30.00,30.0,10.28
361.00,166.16,661.99,43.38,1.503,30.00,30.0,10.28
362.00,167.20,663.09,43.55,1.503,30.00,30.0,10.28
363.00,168.23,664.18,43.72,1.503,30.00,30.0,10.28
364.00,169.27,665.26,43.89,1.503,30.00,30.0,10.28
365.00,170.31,666.35,44.06,1.503,30.00,30.0,10.28
366.00,171.36,667.43,44.23,1.503,30.00,30.0,10.28
367.00,172.41,668.50,44.40,1.503,30.00,30.0,10.28
368.00,173.46,669.58,44.58,1.503,30.00,30.0,10.28
369.00,174.51,670.65,44.75,1.503,30.00,30.0,10.28
370.00,175.57,671.72,44.92,1.503,30.00,30.0,10.28
371.00,176.63,672.78,45.09,1.503,30.00,30.0,10.28
372.00,177.70,673.84,45.26,1.503,30.00,30.0,10.28
373.00,178.76,674.90,45.43,1.503,30.00,30.0,10.28
374.00,179.83,675.95,45.60,1.503,30.00,30.0,10.28
375.00,180.91,677.00,45.77,1.503,30.00,30.0,10.28
376.00,181.98,678.05,45.95,1.503,30.00,30.0,10.28
377.00,183.06,679.10,46.12,1.502,30.00,30.0,10.28
378.00,184.15,680.14,46.29,1.502,30.00,30.0,10.28
379.00,185.23,681.18,46.46,1.502,30.00,30.0,10.28
380.00,186.32,682.21,46.63,1.502,30.00,30.0,10.28
381.00,187.41,683.24,46.80,1.502,30.00,30.0,10.28
382.00,188.51,684.27,46.97,1.502,30.00,30.0,10.28
383.00,189.61,685.30,47.15,1.502,30.00,30.0,10.28
384.00,190.71,686.32,47.32,1.502,30.00,30.0,10.28
385.00,191.81,687.34,47.49,1.502,30.00,30.0,10.28
386.00,192.92,688.35,47.66,1.502,30.00,30.0,10.28
387.00,194.03,689.36,47.83,1.502,30.00,30.0,10.28
388.00,195.14,690.37,48.00,1.502,30.00,30.0,10.28
389.00,196.26,691.38,48.17,1.502,30.00,30.0,10.28
390.00,197.38,692.38,48.34,1.502,30.00,30.0,10.28
391.00,198.50,693.38,48.52,1.502,30.00,30.0,10.28
392.00,199.63,694.37,48.69,1.502,30.00,30.0,10.28
393.00,200.75,695.36,48.86,1.502,30.00,30.0,10.28
394.00,201.89,696.35,49.03,1.502,30.00,30.0,10.28
395.00,203.02,697.33,49.20,1.502,30.00,30.0,10.28
396.00,204.16,698.32,49.37,1.502,30.00,30.0,10.28
397.00,205.30,699.29,49.54,1.502,30.00,30.0,10.28
398.00,206.44,700.27,49.72,1.502,30.00,30.0,10.28
399.00,207.58,701.24,49.89,1.502,30.00,30.0,10.28
400.00,208.73,702.21,50.06,1.502,30.00,30.0,10.28
401.00,209.88,703.17,50.23,1.502,30.00,30.0,10.28
402.00,211.04,704.13,50.40,1.501,30.00,30.0,10.28
403.00,212.19,705.09,50.57,1.501,30.00,30.0,10.28
404.00,213.35,706.04,50.74,1.501,30.00,30.0,10.28
405.00,214.52,706.99,50.92,1.501,30.00,30.0,10.28
406.00,215.68,707.94,51.09,1.501,30.00,30.0,10.28
407.00,216.85,708.88,51.26,1.501,30.00,30.0,10.28
408.00,218.02,709.82,51.43,1.501,30.00,30.0,10.28
409.00,219.20,710.76,51.60,1.501,30.00,30.0,10.28
410.00,220.37,711.69,51.77,1.501,30.00,30.0,10.28
411.00,221.55,712.62,51.94,1.501,30.00,30.0,10.28
412.00,222.73,713.54,52.12,1.501,30.00,30.0,10.28
413.00,223.92,714.47,52.29,1.501,30.00,30.0,10.28
414.00,225.11,715.38,52.46,1.501,30.00,30.0,10.28
415.00,226.30,716.30,52.63,1.501,30.00,30.0,10.28
416.00,227.49,717.21,52.80,1.501,30.00,30.0,10.28
417.00,228.68,718.12,52.97,1.501,30.00,30.0,10.28
418.00,229.88,719.02,53.14,1.501,30.00,30.0,10.28
419.00,231.08,719.92,53.31,1.501,30.00,30.0,10.28
420.00,232.29,720.82,53.49,1.501,30.00,30.0,10.28
421.00,233.49,721.71,53.66,1.501,30.00,30.0,10.28
422.00,234.70,722.60,53.83,1.501,30.00,30.0,10.28
423.00,235.91,723.49,54.00,1.501,30.00,30.0,10.28
424.00,237.13,724.37,54.17,1.501,30.00,30.0,10.28
425.00,238.35,725.25,54.34,1.501,30.00,30.0,10.28
426.00,239.57,726.12,54.51,1.501,30.00,30.0,10.28
427.00,240.79,726.99,54.69,1.501,30.00,30.0,10.28
428.00,242.01,727.86,54.86,1.501,30.00,30.0,10.28
429.00,243.24,728.73,55.03,1.501,30.00,30.0,10.28
430.00,244.47,729.59,55.20,1.501,30.00,30.0,10.28
431.00,245.70,730.44,55.37,1.501,30.00,30.0,10.28
432.00,246.94,731.29,55.54,1.501,30.00,30.0,10.28
433.00,248.17,732.14,55.71,1.501,30.00,30.0,10.28
434.00,249.41,732.99,55.89,1.501,30.00,30.0,10.28
435.00,250.66,733.83,56.06,1.501,30.00,30.0,10.28
436.00,251.90,734.67,56.23,1.501,30.00,30.0,10.28
437.00,253.15,735.50,56.40,1.501,30.00,30.0,10.28
438.00,254.40,736.33,56.57,1.501,30.00,30.0,10.28
439.00,255.65,737.16,56.74,1.501,30.00,30.0,10.28
440.00,256.91,737.98,56.91,1.501,30.00,30.0,10.29
441.00,258.16,738.80,57.09,1.501,30.00,30.0,10.29
442.00,259.42,739.62,57.26,1.501,30.00,30.0,10.29
443.00,260.69,740.43,57.43,1.501,30.00,30.0,10.29
444.00,261.95,741.24,57.60,1.501,30.00,30.0,10.29
445.00,263.22,742.04,57.77,1.501,30.00,30.0,10.29
446.00,264.49,742.84,57.94,1.501,30.00,30.0,10.29
447.00,265.76,743.64,58.11,1.501,30.00,30.0,10.29
448.00,267.03,744.43,58.29,1.501,30.00,30.0,10.29
449.00,268.31,745.22,58.46,1.501,30.00,30.0,10.29
450.00,269.59,746.00,58.63,1.501,30.00,30.0,10.29
451.00,270.87,746.79,58.80,1.501,30.00,30.0,10.29
452.00,272.15,747.56,58.97,1.501,30.00,30.0,10.29
453.00,273.44,748.34,59.14,1.501,30.00,30.0,10.29
454.00,274.73,749.11,59.31,1.501,30.00,30.0,10.29
455.00,276.02,749.87,59.49,1.501,30.00,30.0,10.29
456.00,277.31,750.63,59.66,1.501,30.00,30.0,10.29
457.00,278.61,751.39,59.83,1.500,30.00,30.0,10.29
458.00,279.90,752.15,60.00,1.500,30.00,30.0,10.29
459.00,281.20,752.90,60.17,1.500,30.00,30.0,10.29
460.00,282.50,753.64,60.34,1.500,30.00,30.0,10.29
461.00,283.81,754.39,60.51,1.500,30.00,30.0,10.29
462.00,285.11,755.12,60.69,1.500,30.00,30.0,10.29
463.00,286.42,755.86,60.86,1.500,30.00,30.0,10.29
464.00,287.73,756.59,61.03,1.500,30.00,30.0,10.29
465.00,289.05,757.32,61.20,1.500,30.00,30.0,10.29
466.00,290.36,758.04,61.37,1.500,30.00,30.0,10.29
467.00,291.68,758.76,61.54,1.500,30.00,30.0,10.29
468.00,293.00,759.47,61.71,1.500,30.00,30.0,10.29
469.00,294.32,760.18,61.89,1.500,30.00,30.0,10.29
470.00,295.64,760.89,62.06,1.500,30.00,30.0,10.29
471.00,296.97,761.59,62.23,1.500,30.00,30.0,10.29
472.00,298.29,762.29,62.40,1.500,30.00,30.0,10.29
473.00,299.62,762.99,62.57,1.500,30.00,30.0,10.29
474.00,300.96,763.68,62.74,1.500,30.00,30.0,10.29
475.00,302.29,764.37,62.91,1.500,30.00,30.0,10.29
476.00,303.62,765.05,63.09,1.500,30.00,30.0,10.29
477.00,304.96,765.73,63.26,1.500,30.00,30.0,10.29
478.00,306.30,766.40,63.43,1.500,30.00,30.0,10.29
479.00,307.64,767.07,63.60,1.500,30.00,30.0,10.29
480.00,308.99,767.74,63.77,1.500,30.00,30.0,10.29
481.00,310.33,768.40,63.94,1.500,30.00,30.0,10.29
482.00,311.68,769.06,64.11,1.500,30.00,30.0,10.29
483.00,313.03,769.72,64.29,1.500,30.00,30.0,10.29
484.00,314.38,770.37,64.46,1.500,30.00,30.0,10.29
485.00,315.74,771.02,64.63,1.500,30.00,30.0,10.29
486.00,317.09,771.66,64.80,1.500,30.00,30.0,10.29
487.00,318.45,772.30,64.97,1.500,30.00,30.0,10.29
488.00,319.81,772.93,65.14,1.500,30.00,30.0,10.29
489.00,321.17,773.56,65.31,1.500,30.00,30.0,10.29
490.00,322.53,774.19,65.49,1.500,30.00,30.0,10.29
491.00,323.90,774.81,65.66,1.500,30.00,30.0,10.29
492.00,325.27,775.43,65.83,1.500,30.00,30.0,10.29
493.00,326.63,776.05,66.00,1.500,30.00,30.0,10.29
494.00,328.00,776.66,66.17,1.500,30.00,30.0,10.29
495.00,329.38,777.26,66.34,1.500,30.00,30.0,10.29
496.00,330.75,777.86,66.51,1.500,30.00,30.0,10.29
497.00,332.13,778.46,66.69,1.500,30.00,30.0,10.29
498.00,333.50,779.06,66.86,1.500,30.00,30.0,10.29
499.00,334.88,779.64,67.03,1.500,30.00,30.0,10.29
500.00,336.27,780.23,67.20,1.500,30.00,30.0,10.29
501.00,337.65,780.81,67.37,1.500,30.00,30.0,10.29
502.00,339.03,781.39,67.54,1.500,30.00,30.0,10.29
503.00,340.42,781.96,67.71,1.500,30.00,30.0,10.29
504.00,341.81,782.53,67.89,1.500,30.00,30.0,10.29
505.00,343.20,783.10,68.06,1.500,30.00,30.0,10.29
506.00,344.59,783.66,68.23,1.500,30.00,30.0,10.29
507.00,345.98,784.21,68.40,1.500,30.00,30.0,10.29
508.00,347.38,784.76,68.57,1.500,30.00,30.0,10.29
509.00,348.77,785.31,68.74,1.500,30.00,30.0,10.29
510.00,350.17,785.86,68.91,1.500,30.00,30.0,10.29
511.00,351.57,786.40,69.09,1.500,30.00,30.0,10.29
512.00,352.97,786.93,69.26,1.500,30.00,30.0,10.29
513.00,354.38,787.46,69.43,1.500,30.00,30.0,10.29
514.00,355.78,787.99,69.60,1.500,30.00,30.0,10.29
515.00,357.19,788.51,69.77,1.500,30.00,30.0,10.29
516.00,358.59,789.03,69.94,1.500,30.00,30.0,10.29
517.00,360.00,789.55,70.11,1.500,30.00,30.0,10.29
518.00,361.41,790.06,70.29,1.500,30.00,30.0,10.29
519.00,362.83,790.56,70.46,1.500,30.00,30.0,10.29
520.00,364.24,791.06,70.63,1.500,30.00,30.0,10.29
521.00,365.65,791.56,70.80,1.500,30.00,30.0,10.29
522.00,367.07,792.06,70.97,1.500,30.00,30.0,10.29
523.00,368.49,792.54,71.14,1.500,30.00,30.0,10.29
524.00,369.91,793.03,71.31,1.500,30.00,30.0,10.29
525.00,371.33,793.51,71.49,1.500,30.00,30.0,10.29
526.00,372.75,793.99,71.66,1.500,30.00,30.0,10.29
527.00,374.18,794.46,71.83,1.500,30.00,30.0,10.29
528.00,375.60,794.93,72.00,1.500,30.00,30.0,10.29
529.00,377.03,795.39,72.17,1.500,30.00,30.0,10.29
530.00,378.46,795.85,72.34,1.500,30.00,30.0,10.29
531.00,379.89,796.30,72.51,1.500,30.00,30.0,10.29
532.00,381.32,796.75,72.69,1.500,30.00,30.0,10.29
533.00,382.75,797.20,72.86,1.500,30.00,30.0,10.29
534.00,384.18,797.64,73.03,1.500,30.00,30.0,10.29
535.00,385.62,798.08,73.20,1.500,30.00,30.0,10.29
536.00,387.05,798.52,73.37,1.500,30.00,30.0,10.29
537.00,388.49,798.94,73.54,1.500,30.00,30.0,10.29
538.00,389.93,799.37,73.71,1.500,30.00,30.0,10.29
539.00,391.37,799.79,73.89,1.500,30.00,30.0,10.29
540.00,392.81,800.21,74.06,1.500,30.00,30.0,10.29
541.00,394.25,800.62,74.23,1.500,30.00,30.0,10.29
542.00,395.70,801.03,74.40,1.500,30.00,30.0,10.29
543.00,397.14,801.43,74.57,1.500,30.00,30.0,10.29
544.00,398.59,801.83,74.74,1.500,30.00,30.0,10.29
545.00,400.03,802.22,74.91,1.500,30.00,30.0,10.29
546.00,401.48,802.61,75.09,1.500,30.00,30.0,10.29
547.00,402.93,803.00,75.26,1.500,30.00,30.0,10.29
548.00,404.38,803.38,75.43,1.500,30.00,30.0,10.29
549.00,405.84,803.76,75.60,1.500,30.00,30.0,10.29
550.00,407.29,804.13,75.77,1.500,30.00,30.0,10.29
551.00,408.74,804.50,75.94,1.500,30.00,30.0,10.29
552.00,410.20,804.87,76.11,1.500,30.00,30.0,10.29
553.00,411.65,805.23,76.29,1.500,30.00,30.0,10.29
554.00,413.11,805.58,76.46,1.500,30.00,30.0,10.29
555.00,414.57,805.93,76.63,1.500,30.00,30.0,10.29
556.00,416.03,806.28,76.80,1.500,30.00,30.0,10.29
557.00,417.49,806.62,76.97,1.500,30.00,30.0,10.29
558.00,418.95,806.96,77.14,1.500,30.00,30.0,10.29
559.00,420.41,807.29,77.31,1.500,30.00,30.0,10.29
560.00,421.88,807.62,77.49,1.500,30.00,30.0,10.29
561.00,423.34,807.95,77.66,1.500,30.00,30.0,10.29
562.00,424.81,808.27,77.83,1.500,30.00,30.0,10.29
563.00,426.27,808.58,78.00,1.500,30.00,30.0,10.29
564.00,427.74,808.90,78.17,1.500,30.00,30.0,10.29
565.00,429.21,809.20,78.34,1.500,30.00,30.0,10.29
566.00,430.68,809.51,78.51,1.500,30.00,30.0,10.29
567.00,432.15,809.81,78.69,1.500,30.00,30.0,10.29
568.00,433.62,810.10,78.86,1.500,30.00,30.0,10.29
569.00,435.09,810.39,79.03,1.500,30.00,30.0,10.29
570.00,436.56,810.68,79.20,1.500,30.00,30.0,10.29
571.00,438.04,810.96,79.37,1.500,30.00,30.0,10.29
572.00,439.51,811.23,79.54,1.500,30.00,30.0,10.29
573.00,440.99,811.51,79.71,1.500,30.00,30.0,10.29
574.00,442.46,811.77,79.89,1.500,30.00,30.0,10.29
575.00,443.94,812.04,80.06,1.500,30.00,30.0,10.29
576.00,445.42,812.30,80.23,1.500,30.00,30.0,10.29
577.00,446.89,812.55,80.40,1.500,30.00,30.0,10.29
578.00,448.37,812.80,80.57,1.500,30.00,30.0,10.29
579.00,449.85,813.05,80.74,1.500,30.00,30.0,10.29
580.00,451.33,813.29,80.91,1.500,30.00,30.0,10.29
581.00,452.81,813.52,81.09,1.500,30.00,30.0,10.29
582.00,454.30,813.76,81.26,1.500,30.00,30.0,10.29
583.00,455.78,813.98,81.43,1.500,30.00,30.0,10.29
584.00,457.26,814.21,81.60,1.500,30.00,30.0,10.29
585.00,458.75,814.43,81.77,1.500,30.00,30.0,10.29
586.00,460.23,814.64,81.94,1.500,30.00,30.0,10.29
587.00,461.72,814.85,82.11,1.500,30.00,30.0,10.29
588.00,463.20,815.06,82.29,1.500,30.00,30.0,10.29
589.00,464.69,815.26,82.46,1.500,30.00,30.0,10.29
590.00,466.18,815.46,82.63,1.500,30.00,30.0,10.29
591.00,467.66,815.65,82.80,1.500,30.00,30.0,10.29
592.00,469.15,815.84,82.97,1.500,30.00,30.0,10.29
593.00,470.64,816.02,83.14,1.500,30.00,30.0,10.29
594.00,472.13,816.20,83.31,1.500,30.00,30.0,10.29
595.00,473.62,816.37,83.49,1.500,30.00,30.0,10.29
596.00,475.11,816.54,83.66,1.500,30.00,30.0,10.29
597.00,476.60,816.71,83.83,1.500,30.00,30.0,10.29
598.00,478.09,816.87,84.00,1.500,30.00,30.0,10.29
599.00,479.58,817.03,84.17,1.500,30.00,30.0,10.29
600.00,481.08,817.18,84.34,1.500,30.00,30.0,10.29
601.00,482.57,817.33,84.51,1.500,30.00,30.0,10.29
602.00,484.06,817.47,84.69,1.500,30.00,30.0,10.29
603.00,485.56,817.61,84.86,1.500,30.00,30.0,10.29
604.00,487.05,817.75,85.03,1.500,30.00,30.0,10.29
605.00,488.54,817.88,85.20,1.500,30.00,30.0,10.29
606.00,490.04,818.00,85.37,1.500,30.00,30.0,10.29
607.00,491.53,818.12,85.54,1.500,30.00,30.0,10.29
608.00,493.03,818.24,85.71,1.500,30.00,30.0,10.29
609.00,494.52,818.35,85.89,1.500,30.00,30.0,10.29
610.00,496.02,818.46,86.06,1.500,30.00,30.0,10.29
611.00,497.52,818.56,86.23,1.500,30.00,30.0,10.29
612.00,499.01,818.66,86.40,1.500,30.00,30.0,10.29
613.00,500.51,818.75,86.57,1.500,30.00,30.0,10.29
614.00,502.01,818.84,86.74,1.500,30.00,30.0,10.29
615.00,503.51,818.93,86.91,1.500,30.00,30.0,10.29
616.00,505.00,819.01,87.09,1.500,30.00,30.0,10.29
617.00,506.50,819.09,87.26,1.500,30.00,30.0,10.29
618.00,508.00,819.16,87.43,1.500,30.00,30.0,10.29
619.00,509.50,819.23,87.60,1.500,30.00,30.0,10.29
620.00,511.00,819.29,87.77,1.500,30.00,30.0,10.29
621.00,512.50,819.35,87.94,1.500,30.00,30.0,10.29
622.00,514.00,819.40,88.11,1.500,30.00,30.0,10.29
623.00,515.49,819.45,88.29,1.500,30.00,30.0,10.29
624.00,516.99,819.49,88.46,1.500,30.00,30.0,10.29
625.00,518.49,819.53,88.63,1.500,30.00,30.0,10.29
626.00,519.99,819.57,88.80,1.500,30.00,30.0,10.29
627.00,521.49,819.60,88.97,1.500,30.00,30.0,10.29
628.00,522.99,819.63,89.14,1.500,30.00,30.0,10.29
629.00,524.49,819.65,89.31,1.500,30.00,30.0,10.29
630.00,525.99,819.67,89.49,1.500,30.00,30.0,10.29
631.00,527.49,819.68,89.66,1.500,30.00,30.0,10.29
632.00,528.99,819.69,89.83,1.500,30.00,30.0,10.29
633.00,530.49,819.70,90.00,1.500,30.00,30.0,10.29
634.00,531.99,819.70,90.17,1.500,30.00,30.0,10.29
635.00,533.49,819.69,90.34,1.500,30.00,30.0,10.29
636.00,534.99,819.68,90.51,1.500,30.00,30.0,10.29
637.00,536.49,819.67,90.69,1.500,30.00,30.0,10.29
638.00,537.99,819.65,90.86,1.500,30.00,30.0,10.29
639.00,539.49,819.63,91.03,1.500,30.00,30.0,10.29
640.00,540.99,819.60,91.20,1.500,30.00,30.0,10.29
641.00,542.49,819.57,91.37,1.500,30.00,30.0,10.29
642.00,543.99,819.53,91.54,1.500,30.00,30.0,10.29
643.00,545.49,819.49,91.71,1.500,30.00,30.0,10.29
644.00,546.99,819.45,91.89,1.500,30.00,30.0,10.29
645.00,548.49,819.40,92.06,1.500,30.00,30.0,10.29
646.00,549.99,819.35,92.23,1.500,30.00,30.0,10.29
647.00,551.49,819.29,92.40,1.500,30.00,30.0,10.29
648.00,552.99,819.23,92.57,1.500,30.00,30.0,10.29
649.00,554.48,819.16,92.74,1.500,30.00,30.0,10.29
650.00,555.98,819.09,92.91,1.500,30.00,30.0,10.29
651.00,557.48,819.01,93.09,1.500,30.00,30.0,10.29
652.00,558.98,818.93,93.26,1.500,30.00,30.0,10.29
653.00,560.48,818.84,93.43,1.500,30.00,30.0,10.29
654.00,561.97,818.75,93.60,1.500,30.00,30.0,10.29
655.00,563.47,818.66,93.77,1.500,30.00,30.0,10.29
656.00,564.97,818.56,93.94,1.500,30.00,30.0,10.29
657.00,566.46,818.46,94.11,1.500,30.00,30.0,10.29
658.00,567.96,818.35,94.29,1.500,30.00,30.0,10.29
659.00,569.46,818.24,94.46,1.500,30.00,30.0,10.29
660.00,570.95,818.12,94.63,1.500,30.00,30.0,10.29
661.00,572.45,818.00,94.80,1.500,30.00,30.0,10.29
662.00,573.94,817.88,94.97,1.500,30.00,30.0,10.29
663.00,575.44,817.75,95.14,1.500,30.00,30.0,10.29
664.00,576.93,817.61,95.31,1.500,30.00,30.0,10.29
665.00,578.42,817.47,95.49,1.500,30.00,30.0,10.29
666.00,579.92,817.33,95.66,1.500,30.00,30.0,10.29
667.00,581.41,817.18,95.83,1.500,30.00,30.0,10.29
668.00,582.90,817.03,96.00,1.500,30.00,30.0,10.29
669.00,584.39,816.87,96.17,1.500,30.00,30.0,10.29
670.00,585.88,816.71,96.34,1.500,30.00,30.0,10.29
671.00,587.37,816.54,96.51,1.500,30.00,30.0,10.29
672.00,588.86,816.37,96.69,1.500,30.00,30.0,10.29
673.00,590.35,816.20,96.86,1.500,30.00,30.0,10.29
674.00,591.84,816.02,97.03,1.500,30.00,30.0,10.29
675.00,593.33,815.84,97.20,1.500,30.00,30.0,10.29
676.00,594.82,815.65,97.37,1.500,30.00,30.0,10.29
677.00,596.31,815.46,97.54,1.500,30.00,30.0,10.29
678.00,597.80,815.26,97.71,1.500,30.00,30.0,10.29
679.00,599.28,815.06,97.89,1.500,30.00,30.0,10.29
680.00,600.77,814.85,98.06,1.500,30.00,30.0,10.29
681.00,602.25,814.64,98.23,1.500,30.00,30.0,10.29
682.00,603.74,814.43,98.40,1.500,30.00,30.0,10.29
683.00,605.22,814.21,98.57,1.500,30.00,30.0,10.29
684.00,606.70,813.99,98.74,1.500,30.00,30.0,10.29
685.00,608.19,813.76,98.91,1.500,30.00,30.0,10.29
686.00,609.67,813.52,99.09,1.500,30.00,30.0,10.29
687.00,611.15,813.29,99.26,1.500,30.00,30.0,10.29
688.00,612.63,813.05,99.43,1.500,30.00,30.0,10.29
689.00,614.11,812.80,99.60,1.500,30.00,30.0,10.29
690.00,615.59,812.55,99.77,1.500,30.00,30.0,10.29
691.00,617.07,812.30,99.94,1.500,30.00,30.0,10.29
692.00,618.55,812.04,100.11,1.500,30.00,30.0,10.29
693.00,620.02,811.77,100.29,1.500,30.00,30.0,10.29
694.00,621.50,811.51,100.46,1.500,30.00,30.0,10.29
695.00,622.97,811.23,100.63,1.500,30.00,30.0,10.29
696.00,624.45,810.96,100.80,1.500,30.00,30.0,10.29
697.00,625.92,810.68,100.97,1.500,30.00,30.0,10.29
698.00,627.39,810.39,101.14,1.500,30.00,30.0,10.29
699.00,628.87,810.10,101.31,1.500,30.00,30.0,10.29
700.00,630.34,809.81,101.49,1.500,30.00,30.0,10.29
701.00,631.81,809.51,101.66,1.500,30.00,30.0,10.29
702.00,633.27,809.20,101.83,1.500,30.00,30.0,10.29
703.00,634.74,808.90,102.00,1.500,30.00,30.0,10.29
704.00,636.21,808.58,102.17,1.500,30.00,30.0,10.29
705.00,637.68,808.27,102.34,1.500,30.00,30.0,10.29
706.00,639.14,807.95,102.51,1.500,30.00,30.0,10.29
707.00,640.61,807.62,102.69,1.500,30.00,30.0,10.29
708.00,642.07,807.29,102.86,1.500,30.00,30.0,10.29
709.00,643.53,806.96,103.03,1.500,30.00,30.0,10.29
710.00,644.99,806.62,103.20,1.500,30.00,30.0,10.29
711.00,646.45,806.28,103.37,1.500,30.00,30.0,10.29
712.00,647.91,805.93,103.54,1.500,30.00,30.0,10.29
713.00,649.37,805.58,103.71,1.500,30.00,30.0,10.29
714.00,650.83,805.23,103.89,1.500,30.00,30.0,10.29
715.00,652.28,804.87,104.06,1.500,30.00,30.0,10.29
716.00,653.74,804.50,104.23,1.500,30.00,30.0,10.29
717.00,655.19,804.13,104.40,1.500,30.00,30.0,10.29
718.00,656.65,803.76,104.57,1.500,30.00,30.0,10.29
719.00,658.10,803.38,104.74,1.500,30.00,30.0,10.29
720.00,659.55,803.00,104.91,1.500,30.00,30.0,10.29
721.00,661.00,802.61,105.09,1.500,30.00,30.0,10.29
722.00,662.45,802.22,105.26,1.500,30.00,30.0,10.29
723.00,663.89,801.83,105.43,1.500,30.00,30.0,10.29
724.00,665.34,801.43,105.60,1.500,30.00,30.0,10.29
725.00,666.78,801.03,105.77,1.500,30.00,30.0,10.29
726.00,668.23,800.62,105.94,1.500,30.00,30.0,10.29
727.00,669.67,800.21,106.11,1.500,30.00,30.0,10.29
728.00,671.11,799.79,106.29,1.500,30.00,30.0,10.29
729.00,672.55,799.37,106.46,1.500,30.00,30.0,10.29
730.00,673.99,798.94,106.63,1.500,30.00,30.0,10.29
731.00,675.43,798.52,106.80,1.500,30.00,30.0,10.29
732.00,676.86,798.08,106.97,1.500,30.00,30.0,10.29
733.00,678.30,797.64,107.14,1.500,30.00,30.0,10.29
734.00,679.73,797.20,107.31,1.500,30.00,30.0,10.29
735.00,681.16,796.76,107.49,1.500,30.00,30.0,10.29
736.00,682.59,796.31,107.66,1.500,30.00,30.0,10.29
737.00,684.02,795.85,107.83,1.500,30.00,30.0,10.29
738.00,685.45,795.39,108.00,1.500,30.00,30.0,10.29
739.00,686.88,794.93,108.17,1.500,30.00,30.0,10.29
740.00,688.30,794.46,108.34,1.500,30.00,30.0,10.29
741.00,689.73,793.99,108.51,1.500,30.00,30.0,10.29
742.00,691.15,793.51,108.69,1.500,30.00,30.0,10.29
743.00,692.57,793.03,108.86,1.500,30.00,30.0,10.29
744.00,693.99,792.55,109.03,1.500,30.00,30.0,10.29
745.00,695.41,792.06,109.20,1.500,30.00,30.0,10.29
746.00,696.82,791.56,109.37,1.500,30.00,30.0,10.29
747.00,698.24,791.07,109.54,1.500,30.00,30.0,10.29
748.00,699.65,790.56,109.71,1.500,30.00,30.0,10.29
749.00,701.07,790.06,109.89,1.500,30.00,30.0,10.29
750.00,702.48,789.55,110.06,1.500,30.00,30.0,10.29
751.00,703.88,789.03,110.23,1.500,30.00,30.0,10.29
752.00,705.29,788.51,110.40,1.500,30.00,30.0,10.29
753.00,706.70,787.99,110.57,1.500,30.00,30.0,10.29
754.00,708.10,787.46,110.74,1.500,30.00,30.0,10.29
755.00,709.51,786.93,110.91,1.500,30.00,30.0,10.29
756.00,710.91,786.40,111.09,1.500,30.00,30.0,10.29
757.00,712.31,785.86,111.26,1.500,30.00,30.0,10.29
758.00,713.70,785.31,111.43,1.500,30.00,30.0,10.29
759.00,715.10,784.77,111.60,1.500,30.00,30.0,10.29
760.00,716.49,784.21,111.77,1.500,30.00,30.0,10.29
761.00,717.89,783.66,111.94,1.500,30.00,30.0,10.29
762.00,719.28,783.10,112.11,1.500,30.00,30.0,10.29
763.00,720.67,782.53,112.29,1.500,30.00,30.0,10.29
764.00,722.06,781.96,112.46,1.500,30.00,30.0,10.29
765.00,723.44,781.39,112.63,1.500,30.00,30.0,10.29
766.00,724.83,780.81,112.80,1.500,30.00,30.0,10.29
767.00,726.21,780.23,112.97,1.500,30.00,30.0,10.29
768.00,727.59,779.65,113.14,1.500,30.00,30.0,10.29
769.00,728.97,779.06,113.31,1.500,30.00,30.0,10.29
770.00,730.35,778.46,113.49,1.500,30.00,30.0,10.29
771.00,731.72,777.87,113.66,1.500,30.00,30.0,10.29
772.00,733.10,777.26,113.83,1.500,30.00,30.0,10.29
773.00,734.47,776.66,114.00,1.500,30.00,30.0,10.29
774.00,735.84,776.05,114.17,1.500,30.00,30.0,10.29
775.00,737.21,775.43,114.34,1.500,30.00,30.0,10.29
776.00,738.58,774.82,114.51,1.500,30.00,30.0,10.29
777.00,739.94,774.19,114.69,1.500,30.00,30.0,10.29
778.00,741.30,773.57,114.86,1.500,30.00,30.0,10.29
779.00,742.66,772.94,115.03,1.500,30.00,30.0,10.29
780.00,744.02,772.30,115.20,1.500,30.00,30.0,10.29
781.00,745.38,771.66,115.37,1.500,30.00,30.0,10.29
782.00,746.74,771.02,115.54,1.500,30.00,30.0,10.29
783.00,748.09,770.37,115.71,1.500,30.00,30.0,10.29
784.00,749.44,769.72,115.89,1.500,30.00,30.0,10.29
785.00,750.79,769.07,116.06,1.500,30.00,30.0,10.29
786.00,752.14,768.41,116.23,1.500,30.00,30.0,10.29
787.00,753.48,767.75,116.40,1.500,30.00,30.0,10.29
788.00,754.83,767.08,116.57,1.500,30.00,30.0,10.29
789.00,756.17,766.41,116.74,1.500,30.00,30.0,10.29
790.00,757.51,765.73,116.91,1.500,30.00,30.0,10.29
791.00,758.85,765.05,117.09,1.500,30.00,30.0,10.29
792.00,760.18,764.37,117.26,1.500,30.00,30.0,10.29
793.00,761.51,763.68,117.43,1.500,30.00,30.0,10.29
794.00,762.85,762.99,117.60,1.500,30.00,30.0,10.29
795.00,764.18,762.30,117.77,1.500,30.00,30.0,10.29
796.00,765.50,761.60,117.94,1.500,30.00,30.0,10.29
797.00,766.83,760.90,118.11,1.500,30.00,30.0,10.29
798.00,768.15,760.19,118.29,1.500,30.00,30.0,10.29
799.00,769.47,759.48,118.46,1.500,30.00,30.0,10.29
800.00,770.79,758.76,118.63,1.500,30.00,30.0,10.29
801.00,772.11,758.05,118.80,1.500,30.00,30.0,10.29
802.00,773.42,757.32,118.97,1.500,30.00,30.0,10.29
803.00,774.73,756.60,119.14,1.500,30.00,30.0,10.29
804.00,776.04,755.87,119.31,1.500,30.00,30.0,10.29
805.00,777.35,755.13,119.49,1.500,30.00,30.0,10.29
806.00,778.66,754.39,119.66,1.500,30.00,30.0,10.29
807.00,779.96,753.65,119.83,1.500,30.00,30.0,10.29
808.00,781.26,752.90,120.00,1.500,30.00,30.0,10.29
809.00,782.56,752.15,120.17,1.500,30.00,30.0,10.29
810.00,783.86,751.40,120.34,1.500,30.00,30.0,10.29
811.00,785.15,750.64,120.51,1.500,30.00,30.0,10.29
812.00,786.44,749.88,120.69,1.500,30.00,30.0,10.29
813.00,787.73,749.12,120.86,1.500,30.00,30.0,10.29
814.00,789.02,748.35,121.03,1.500,30.00,30.0,10.29
815.00,790.31,747.57,121.20,1.500,30.00,30.0,10.29
816.00,791.59,746.80,121.37,1.500,30.00,30.0,10.29
817.00,792.87,746.02,121.54,1.500,30.00,30.0,10.29
818.00,794.15,745.23,121.71,1.500,30.00,30.0,10.29
819.00,795.43,744.44,121.89,1.500,30.00,30.0,10.29
820.00,796.70,743.65,122.06,1.500,30.00,30.0,10.29
821.00,797.97,742.85,122.23,1.500,30.00,30.0,10.29
822.00,799.24,742.05,122.40,1.500,30.00,30.0,10.29
823.00,800.51,741.25,122.57,1.500,30.00,30.0,10.29
824.00,801.77,740.44,122.74,1.500,30.00,30.0,10.29
825.00,803.03,739.63,122.91,1.500,30.00,30.0,10.29
826.00,804.29,738.82,123.09,1.500,30.00,30.0,10.29
827.00,805.55,738.00,123.26,1.500,30.00,30.0,10.29
828.00,806.80,737.17,123.43,1.500,30.00,30.0,10.29
829.00,808.05,736.35,123.60,1.500,30.00,30.0,10.29
830.00,809.30,735.52,123.77,1.500,30.00,30.0,10.29
831.00,810.55,734.68,123.94,1.500,30.00,30.0,10.29
832.00,811.79,733.85,124.11,1.500,30.00,30.0,10.29
833.00,813.04,733.01,124.29,1.500,30.00,30.0,10.29
834.00,814.28,732.16,124.46,1.500,30.00,30.0,10.29
835.00,815.51,731.31,124.63,1.500,30.00,30.0,10.29
836.00,816.75,730.46,124.80,1.500,30.00,30.0,10.29
837.00,817.98,729.60,124.97,1.500,30.00,30.0,10.29
838.00,819.21,728.74,125.14,1.500,30.00,30.0,10.29
839.00,820.43,727.88,125.31,1.500,30.00,30.0,10.29
840.00,821.66,727.01,125.49,1.500,30.00,30.0,10.29
841.00,822.88,726.14,125.66,1.500,30.00,30.0,10.29
842.00,824.10,725.27,125.83,1.500,30.00,30.0,10.29
843.00,825.32,724.39,126.00,1.500,30.00,30.0,10.29
844.00,826.53,723.51,126.17,1.500,30.00,30.0,10.29
845.00,827.74,722.62,126.34,1.500,30.00,30.0,10.29
846.00,828.95,721.73,126.51,1.500,30.00,30.0,10.29
847.00,830.15,720.84,126.69,1.500,30.00,30.0,10.29
848.00,831.36,719.95,126.86,1.500,30.00,30.0,10.29
849.00,832.56,719.05,127.03,1.500,30.00,30.0,10.29
850.00,833.75,718.14,127.20,1.500,30.00,30.0,10.29
851.00,834.95,717.24,127.37,1.500,30.00,30.0,10.29
852.00,836.14,716.33,127.54,1.500,30.00,30.0,10.29
853.00,837.33,715.41,127.71,1.500,30.00,30.0,10.29
854.00,838.52,714.49,127.89,1.500,30.00,30.0,10.29
855.00,839.70,713.57,128.06,1.500,30.00,30.0,10.29
856.00,840.88,712.65,128.23,1.500,30.00,30.0,10.29
857.00,842.06,711.72,128.40,1.500,30.00,30.0,10.29
858.00,843.24,710.79,128.57,1.500,30.00,30.0,10.29
859.00,844.41,709.85,128.74,1.500,30.00,30.0,10.29
860.00,845.58,708.91,128.91,1.500,30.00,30.0,10.29
861.00,846.75,707.97,129.09,1.500,30.00,30.0,10.29
862.00,847.91,707.03,129.26,1.500,30.00,30.0,10.29
863.00,849.07,706.08,129.43,1.500,30.00,30.0,10.29
864.00,850.23,705.12,129.60,1.500,30.00,30.0,10.29
865.00,851.39,704.17,129.77,1.500,30.00,30.0,10.29
866.00,852.54,703.21,129.94,1.500,30.00,30.0,10.29
867.00,853.69,702.25,130.11,1.500,30.00,30.0,10.29
868.00,854.84,701.28,130.29,1.500,30.00,30.0,10.29
869.00,855.98,700.31,130.46,1.500,30.00,30.0,10.29
870.00,857.12,699.34,130.63,1.500,30.00,30.0,10.29
871.00,858.26,698.36,130.80,1.500,30.00,30.0,10.29
872.00,859.40,697.38,130.97,1.500,30.00,30.0,10.29
873.00,860.53,696.40,131.14,1.500,30.00,30.0,10.29
874.00,861.66,695.41,131.31,1.500,30.00,30.0,10.29
875.00,862.78,694.42,131.49,1.500,30.00,30.0,10.29
876.00,863.91,693.42,131.66,1.500,30.00,30.0,10.29
877.00,865.03,692.43,131.83,1.500,30.00,30.0,10.29
878.00,866.15,691.43,132.00,1.500,30.00,30.0,10.29
879.00,867.26,690.42,132.17,1.500,30.00,30.0,10.29
880.00,868.37,689.42,132.34,1.500,30.00,30.0,10.29
881.00,869.48,688.41,132.51,1.500,30.00,30.0,10.29
882.00,870.59,687.39,132.69,1.500,30.00,30.0,10.29
883.00,871.69,686.38,132.86,1.500,30.00,30.0,10.29
884.00,872.79,685.35,133.03,1.500,30.00,30.0,10.29
885.00,873.89,684.33,133.20,1.500,30.00,30.0,10.29
886.00,874.98,683.30,133.37,1.500,30.00,30.0,10.29
887.00,876.07,682.27,133.54,1.500,30.00,30.0,10.29
888.00,877.16,681.24,133.71,1.500,30.00,30.0,10.29
889.00,878.24,680.20,133.89,1.500,30.00,30.0,10.29
890.00,879.32,679.16,134.06,1.500,30.00,30.0,10.29
891.00,880.40,678.12,134.23,1.500,30.00,30.0,10.29
892.00,881.47,677.08,134.40,1.500,30.00,30.0,10.29
893.00,882.55,676.03,134.57,1.500,30.00,30.0,10.29
894.00,883.61,674.97,134.74,1.500,30.00,30.0,10.29
895.00,884.68,673.92,134.91,1.500,30.00,30.0,10.29
896.00,885.74,672.86,135.09,1.500,30.00,30.0,10.29
897.00,886.80,671.80,135.26,1.500,30.00,30.0,10.29
898.00,887.86,670.73,135.43,1.500,30.00,30.0,10.29
899.00,888.91,669.66,135.60,1.500,30.00,30.0,10.29
900.00,889.96,668.59,135.77,1.500,30.00,30.0,10.29
901.00,891.01,667.52,135.94,1.500,30.00,30.0,10.29
902.00,892.05,666.44,136.11,1.500,30.00,30.0,10.29
903.00,893.09,665.36,136.29,1.500,30.00,30.0,10.29
904.00,894.13,664.27,136.46,1.500,30.00,30.0,10.29
905.00,895.16,663.18,136.63,1.500,30.00,30.0,10.29
906.00,896.19,662.09,136.80,1.500,30.00,30.0,10.29
907.00,897.22,661.00,136.97,1.500,30.00,30.0,10.29
908.00,898.24,659.90,137.14,1.500,30.00,30.0,10.29
909.00,899.26,658.81,137.31,1.500,30.00,30.0,10.29
910.00,900.28,657.70,137.49,1.500,30.00,30.0,10.29
911.00,901.29,656.60,137.66,1.500,30.00,30.0,10.29
912.00,902.30,655.49,137.83,1.500,30.00,30.0,10.29
913.00,903.31,654.38,138.00,1.500,30.00,30.0,10.29
914.00,904.31,653.26,138.17,1.500,30.00,30.0,10.29
915.00,905.31,652.14,138.34,1.500,30.00,30.0,10.29
916.00,906.31,651.02,138.51,1.500,30.00,30.0,10.29
917.00,907.30,649.90,138.69,1.500,30.00,30.0,10.29
918.00,908.29,648.77,138.86,1.500,30.00,30.0,10.29
919.00,909.28,647.64,139.03,1.500,30.00,30.0,10.29
920.00,910.26,646.51,139.20,1.500,30.00,30.0,10.29
921.00,911.24,645.38,139.37,1.500,30.00,30.0,10.29
922.00,912.22,644.24,139.54,1.500,30.00,30.0,10.29
923.00,913.19,643.10,139.71,1.500,30.00,30.0,10.29
924.00,914.16,641.95,139.89,1.500,30.00,30.0,10.29
925.00,915.13,640.80,140.06,1.500,30.00,30.0,10.29
926.00,916.09,639.65,140.23,1.500,30.00,30.0,10.29
927.00,917.05,638.50,140.40,1.500,30.00,30.0,10.29
928.00,918.01,637.35,140.57,1.500,30.00,30.0,10.29
929.00,918.96,636.19,140.74,1.500,30.00,30.0,10.29
930.00,919.91,635.03,140.91,1.500,30.00,30.0,10.29
931.00,920.86,633.86,141.09,1.500,30.00,30.0,10.29
932.00,921.80,632.69,141.26,1.500,30.00,30.0,10.29
933.00,922.74,631.52,141.43,1.500,30.00,30.0,10.29
934.00,923.67,630.35,141.60,1.500,30.00,30.0,10.29
935.00,924.60,629.18,141.77,1.500,30.00,30.0,10.29
936.00,925.53,628.00,141.94,1.500,30.00,30.0,10.29
937.00,926.46,626.82,142.11,1.500,30.00,30.0,10.29
938.00,927.38,625.63,142.29,1.500,30.00,30.0,10.29
939.00,928.30,624.45,142.46,1.500,30.00,30.0,10.29
940.00,929.21,623.26,142.63,1.500,30.00,30.0,10.29
941.00,930.12,622.06,142.80,1.500,30.00,30.0,10.29
942.00,931.03,620.87,142.97,1.500,30.00,30.0,10.29
943.00,931.93,619.67,143.14,1.500,30.00,30.0,10.29
944.00,932.83,618.47,143.31,1.500,30.00,30.0,10.29
945.00,933.73,617.27,143.49,1.500,30.00,30.0,10.29
946.00,934.62,616.06,143.66,1.500,30.00,30.0,10.29
947.00,935.51,614.86,143.83,1.500,30.00,30.0,10.29
948.00,936.39,613.64,144.00,1.500,30.00,30.0,10.29
949.00,937.27,612.43,144.17,1.500,30.00,30.0,10.29
950.00,938.15,611.21,144.34,1.500,30.00,30.0,10.29
951.00,939.03,610.00,144.51,1.500,30.00,30.0,10.29
952.00,939.90,608.77,144.69,1.500,30.00,30.0,10.29
953.00,940.76,607.55,144.86,1.500,30.00,30.0,10.29
954.00,941.63,606.32,145.03,1.500,30.00,30.0,10.29
955.00,942.49,605.09,145.20,1.500,30.00,30.0,10.29
956.00,943.34,603.86,145.37,1.500,30.00,30.0,10.29
957.00,944.20,602.63,145.54,1.500,30.00,30.0,10.29
958.00,945.05,601.39,145.71,1.500,30.00,30.0,10.29
959.00,945.89,600.15,145.89,1.500,30.00,30.0,10.29
960.00,946.73,598.91,146.06,1.500,30.00,30.0,10.29
961.00,947.57,597.67,146.23,1.500,30.00,30.0,10.29
962.00,948.40,596.42,146.40,1.500,30.00,30.0,10.29
963.00,949.23,595.17,146.57,1.500,30.00,30.0,10.29
964.00,950.06,593.92,146.74,1.500,30.00,30.0,10.29
965.00,950.88,592.66,146.91,1.500,30.00,30.0,10.29
966.00,951.70,591.41,147.09,1.500,30.00,30.0,10.29
967.00,952.52,590.15,147.26,1.500,30.00,30.0,10.29
968.00,953.33,588.89,147.43,1.500,30.00,30.0,10.29
969.00,954.13,587.62,147.60,1.500,30.00,30.0,10.29
970.00,954.94,586.36,147.77,1.500,30.00,30.0,10.29
971.00,955.74,585.09,147.94,1.500,30.00,30.0,10.29
972.00,956.53,583.82,148.11,1.500,30.00,30.0,10.29
973.00,957.33,582.54,148.29,1.500,30.00,30.0,10.29
974.00,958.12,581.27,148.46,1.500,30.00,30.0,10.29
975.00,958.90,579.99,148.63,1.500,30.00,30.0,10.29
976.00,959.68,578.71,148.80,1.500,30.00,30.0,10.29
977.00,960.46,577.42,148.97,1.500,30.00,30.0,10.29
978.00,961.23,576.14,149.14,1.500,30.00,30.0,10.29
979.00,962.00,574.85,149.31,1.500,30.00,30.0,10.29
980.00,962.77,573.56,149.49,1.500,30.00,30.0,10.29
981.00,963.53,572.27,149.66,1.500,30.00,30.0,10.29
982.00,964.29,570.97,149.83,1.500,30.00,30.0,10.29
983.00,965.04,569.68,150.00,1.500,30.00,30.0,10.29
984.00,965.79,568.38,150.17,1.500,30.00,30.0,10.29
985.00,966.54,567.08,150.34,1.500,30.00,30.0,10.29
986.00,967.28,565.77,150.51,1.500,30.00,30.0,10.29
987.00,968.02,564.47,150.69,1.500,30.00,30.0,10.29
988.00,968.75,563.16,150.86,1.500,30.00,30.0,10.29
989.00,969.48,561.85,151.03,1.500,30.00,30.0,10.29
990.00,970.21,560.54,151.20,1.500,30.00,30.0,10.29
991.00,970.93,559.22,151.37,1.500,30.00,30.0,10.29
992.00,971.65,557.91,151.54,1.500,30.00,30.0,10.29
993.00,972.36,556.59,151.71,1.500,30.00,30.0,10.29
994.00,973.07,555.27,151.89,1.500,30.00,30.0,10.29
995.00,973.78,553.94,152.06,1.500,30.00,30.0,10.29
996.00,974.48,552.62,152.23,1.500,30.00,30.0,10.29
997.00,975.18,551.29,152.40,1.500,30.00,30.0,10.29
998.00,975.88,549.96,152.57,1.500,30.00,30.0,10.29
999.00,976.57,548.63,152.74,1.500,30.00,30.0,10.29
1000.00,977.26,547.30,152.91,1.500,30.00,30.0,10.29
1001.00,977.94,545.96,153.09,1.500,30.00,30.0,10.29
1002.00,978.62,544.62,153.26,1.500,30.00,30.0,10.29
1003.00,979.29,543.28,153.43,1.500,30.00,30.0,10.29
1004.00,979.96,541.94,153.60,1.500,30.00,30.0,10.29
1005.00,980.63,540.60,153.77,1.500,30.00,30.0,10.29
1006.00,981.29,539.25,153.94,1.500,30.00,30.0,10.29
1007.00,981.95,537.91,154.11,1.500,30.00,30.0,10.29
1008.00,982.61,536.56,154.29,1.500,30.00,30.0,10.29
1009.00,983.26,535.21,154.46,1.500,30.00,30.0,10.29
1010.00,983.90,533.85,154.63,1.500,30.00,30.0,10.29
1011.00,984.55,532.50,154.80,1.500,30.00,30.0,10.29
1012.00,985.19,531.14,154.97,1.500,30.00,30.0,10.29
1013.00,985.82,529.78,155.14,1.500,30.00,30.0,10.29
1014.00,986.45,528.42,155.31,1.500,30.00,30.0,10.29
1015.00,987.08,527.06,155.49,1.500,30.00,30.0,10.29
1016.00,987.70,525.69,155.66,1.500,30.00,30.0,10.29
1017.00,988.32,524.32,155.83,1.500,30.00,30.0,10.29
1018.00,988.93,522.96,156.00,1.500,30.00,30.0,10.29
1019.00,989.54,521.59,156.17,1.500,30.00,30.0,10.29
1020.00,990.15,520.21,156.34,1.500,30.00,30.0,10.29
1021.00,990.75,518.84,156.51,1.500,30.00,30.0,10.29
1022.00,991.35,517.46,156.69,1.500,30.00,30.0,10.29
1023.00,991.94,516.09,156.86,1.500,30.00,30.0,10.29
1024.00,992.53,514.71,157.03,1.500,30.00,30.0,10.29
1025.00,993.12,513.33,157.20,1.500,30.00,30.0,10.29
1026.00,993.70,511.94,157.37,1.500,30.00,30.0,10.29
1027.00,994.28,510.56,157.54,1.500,30.00,30.0,10.29
1028.00,994.85,509.17,157.71,1.500,30.00,30.0,10.29
1029.00,995.42,507.78,157.89,1.500,30.00,30.0,10.29
1030.00,995.98,506.39,158.06,1.500,30.00,30.0,10.29
1031.00,996.54,505.00,158.23,1.500,30.00,30.0,10.29
1032.00,997.10,503.61,158.40,1.500,30.00,30.0,10.29
1033.00,997.65,502.22,158.57,1.500,30.00,30.0,10.29
1034.00,998.20,500.82,158.74,1.500,30.00,30.0,10.29
1035.00,998.74,499.42,158.91,1.500,30.00,30.0,10.29
1036.00,999.28,498.02,159.09,1.500,30.00,30.0,10.29
1037.00,999.82,496.62,159.26,1.500,30.00,30.0,10.29
1038.00,1000.35,495.22,159.43,1.500,30.00,30.0,10.29
1039.00,1000.88,493.81,159.60,1.500,30.00,30.0,10.29
1040.00,1001.40,492.41,159.77,1.500,30.00,30.0,10.29
1041.00,1001.92,491.00,159.94,1.500,30.00,30.0,10.29
1042.00,1002.43,489.59,160.11,1.500,30.00,30.0,10.29
1043.00,1002.94,488.18,160.29,1.500,30.00,30.0,10.29
1044.00,1003.45,486.77,160.46,1.500,30.00,30.0,10.29
1045.00,1003.95,485.36,160.63,1.500,30.00,30.0,10.29
1046.00,1004.45,483.94,160.80,1.500,30.00,30.0,10.29
1047.00,1004.94,482.52,160.97,1.500,30.00,30.0,10.29
1048.00,1005.43,481.11,161.14,1.500,30.00,30.0,10.29
1049.00,1005.91,479.69,161.31,1.500,30.00,30.0,10.29
1050.00,1006.40,478.27,161.49,1.500,30.00,30.0,10.29
1051.00,1006.87,476.84,161.66,1.500,30.00,30.0,10.29
1052.00,1007.34,475.42,161.83,1.500,30.00,30.0,10.29
1053.00,1007.81,473.99,162.00,1.500,30.00,30.0,10.29
1054.00,1008.28,472.57,162.17,1.500,30.00,30.0,10.29
1055.00,1008.73,471.14,162.34,1.500,30.00,30.0,10.29
1056.00,1009.19,469.71,162.51,1.500,30.00,30.0,10.29
1057.00,1009.64,468.28,162.69,1.500,30.00,30.0,10.29
1058.00,1010.09,466.85,162.86,1.500,30.00,30.0,10.29
1059.00,1010.53,465.41,163.03,1.500,30.00,30.0,10.29
1060.00,1010.97,463.98,163.20,1.500,30.00,30.0,10.29
1061.00,1011.40,462.54,163.37,1.500,30.00,30.0,10.29
1062.00,1011.83,461.11,163.54,1.500,30.00,30.0,10.29
1063.00,1012.25,459.67,163.71,1.500,30.00,30.0,10.29
1064.00,1012.67,458.23,163.89,1.500,30.00,30.0,10.29
1065.00,1013.09,456.79,164.06,1.500,30.00,30.0,10.29
1066.00,1013.50,455.34,164.23,1.500,30.00,30.0,10.29
1067.00,1013.91,453.90,164.40,1.500,30.00,30.0,10.29
1068.00,1014.31,452.46,164.57,1.500,30.00,30.0,10.29
1069.00,1014.71,451.01,164.74,1.500,30.00,30.0,10.29
1070.00,1015.11,449.56,164.91,1.500,30.00,30.0,10.29
1071.00,1015.50,448.11,165.09,1.500,30.00,30.0,10.29
1072.00,1015.88,446.66,165.26,1.500,30.00,30.0,10.29
1073.00,1016.27,445.21,165.43,1.500,30.00,30.0,10.29
1074.00,1016.64,443.76,165.60,1.500,30.00,30.0,10.29
1075.00,1017.02,442.31,165.77,1.500,30.00,30.0,10.29
1076.00,1017.39,440.86,165.94,1.500,30.00,30.0,10.29
1077.00,1017.75,439.40,166.11,1.500,30.00,30.0,10.29
1078.00,1018.11,437.94,166.29,1.500,30.00,30.0,10.29
1079.00,1018.47,436.49,166.46,1.500,30.00,30.0,10.29
1080.00,1018.82,435.03,166.63,1.500,30.00,30.0,10.29
1081.00,1019.16,433.57,166.80,1.500,30.00,30.0,10.29
1082.00,1019.51,432.11,166.97,1.500,30.00,30.0,10.29
1083.00,1019.84,430.65,167.14,1.500,30.00,30.0,10.29
1084.00,1020.18,429.19,167.31,1.500,30.00,30.0,10.29
1085.00,1020.51,427.72,167.49,1.500,30.00,30.0,10.29
1086.00,1020.83,426.26,167.66,1.500,30.00,30.0,10.29
1087.00,1021.15,424.79,167.83,1.500,30.00,30.0,10.29
1088.00,1021.47,423.33,168.00,1.500,30.00,30.0,10.29
1089.00,1021.78,421.86,168.17,1.500,30.00,30.0,10.29
1090.00,1022.09,420.39,168.34,1.500,30.00,30.0,10.29
1091.00,1022.39,418.92,168.51,1.500,30.00,30.0,10.29
1092.00,1022.69,417.45,168.69,1.500,30.00,30.0,10.29
1093.00,1022.98,415.98,168.86,1.500,30.00,30.0,10.29
1094.00,1023.27,414.51,169.03,1.500,30.00,30.0,10.29
1095.00,1023.56,413.04,169.20,1.500,30.00,30.0,10.29
1096.00,1023.84,411.56,169.37,1.500,30.00,30.0,10.29
1097.00,1024.12,410.09,169.54,1.500,30.00,30.0,10.29
1098.00,1024.39,408.61,169.71,1.500,30.00,30.0,10.29
1099.00,1024.66,407.14,169.89,1.500,30.00,30.0,10.29
1100.00,1024.92,405.66,170.06,1.500,30.00,30.0,10.29
1101.00,1025.18,404.18,170.23,1.500,30.00,30.0,10.29
1102.00,1025.43,402.71,170.40,1.500,30.00,30.0,10.29
1103.00,1025.68,401.23,170.57,1.500,30.00,30.0,10.29
1104.00,1025.93,399.75,170.74,1.500,30.00,30.0,10.29
1105.00,1026.17,398.27,170.91,1.500,30.00,30.0,10.29
1106.00,1026.41,396.79,171.09,1.500,30.00,30.0,10.29
1107.00,1026.64,395.30,171.26,1.500,30.00,30.0,10.29
1108.00,1026.87,393.82,171.43,1.500,30.00,30.0,10.29
1109.00,1027.09,392.34,171.60,1.500,30.00,30.0,10.29
1110.00,1027.31,390.85,171.77,1.500,30.00,30.0,10.29
1111.00,1027.53,389.37,171.94,1.500,30.00,30.0,10.29
1112.00,1027.74,387.88,172.11,1.500,30.00,30.0,10.29
1113.00,1027.94,386.40,172.29,1.500,30.00,30.0,10.29
1114.00,1028.14,384.91,172.46,1.500,30.00,30.0,10.29
1115.00,1028.34,383.42,172.63,1.500,30.00,30.0,10.29
1116.00,1028.53,381.94,172.80,1.500,30.00,30.0,10.29
1117.00,1028.72,380.45,172.97,1.500,30.00,30.0,10.29
1118.00,1028.90,378.96,173.14,1.500,30.00,30.0,10.29
1119.00,1029.08,377.47,173.31,1.500,30.00,30.0,10.29
1120.00,1029.26,375.98,173.49,1.500,30.00,30.0,10.29
1121.00,1029.43,374.49,173.66,1.500,30.00,30.0,10.29
1122.00,1029.59,373.00,173.83,1.500,30.00,30.0,10.29
1123.00,1029.76,371.51,174.00,1.500,30.00,30.0,10.29
1124.00,1029.91,370.02,174.17,1.500,30.00,30.0,10.29
1125.00,1030.06,368.52,174.34,1.500,30.00,30.0,10.29
1126.00,1030.21,367.03,174.51,1.500,30.00,30.0,10.29
1127.00,1030.36,365.54,174.69,1.500,30.00,30.0,10.29
1128.00,1030.50,364.05,174.86,1.500,30.00,30.0,10.29
1129.00,1030.63,362.55,175.03,1.500,30.00,30.0,10.29
1130.00,1030.76,361.06,175.20,1.500,30.00,30.0,10.29
1131.00,1030.89,359.56,175.37,1.500,30.00,30.0,10.29
1132.00,1031.01,358.07,175.54,1.500,30.00,30.0,10.29
1133.00,1031.12,356.57,175.71,1.500,30.00,30.0,10.29
1134.00,1031.23,355.08,175.89,1.500,30.00,30.0,10.29
1135.00,1031.34,353.58,176.06,1.500,30.00,30.0,10.29
1136.00,1031.45,352.08,176.23,1.500,30.00,30.0,10.29
1137.00,1031.54,350.59,176.40,1.500,30.00,30.0,10.29
1138.00,1031.64,349.09,176.57,1.500,30.00,30.0,10.29
1139.00,1031.73,347.59,176.74,1.500,30.00,30.0,10.29
1140.00,1031.81,346.09,176.91,1.500,30.00,30.0,10.29
1141.00,1031.89,344.60,177.09,1.500,30.00,30.0,10.29
1142.00,1031.97,343.10,177.26,1.500,30.00,30.0,10.29
1143.00,1032.04,341.60,177.43,1.500,30.00,30.0,10.29
1144.00,1032.11,340.10,177.60,1.500,30.00,30.0,10.29
1145.00,1032.17,338.60,177.77,1.500,30.00,30.0,10.29
1146.00,1032.23,337.10,177.94,1.500,30.00,30.0,10.29
1147.00,1032.28,335.61,178.11,1.500,30.00,30.0,10.29
1148.00,1032.33,334.11,178.29,1.500,30.00,30.0,10.29
1149.00,1032.38,332.61,178.46,1.500,30.00,30.0,10.29
1150.00,1032.42,331.11,178.63,1.500,30.00,30.0,10.29
1151.00,1032.45,329.61,178.80,1.500,30.00,30.0,10.29
1152.00,1032.49,328.11,178.97,1.500,30.00,30.0,10.29
1153.00,1032.51,326.61,179.14,1.500,30.00,30.0,10.29
1154.00,1032.54,325.11,179.31,1.500,30.00,30.0,10.29
1155.00,1032.55,323.61,179.49,1.500,30.00,30.0,10.29
1156.00,1032.57,322.11,179.66,1.500,30.00,30.0,10.29
1157.00,1032.58,320.61,179.83,1.500,30.00,30.0,10.29
1158.00,1032.58,319.11,180.00,1.500,30.00,30.0,10.29
1159.00,1032.58,317.61,180.17,1.500,30.00,30.0,10.29
1160.00,1032.58,316.11,180.34,1.500,30.00,30.0,10.29
1161.00,1032.57,314.61,180.51,1.500,30.00,30.0,10.29
1162.00,1032.55,313.11,180.69,1.500,30.00,30.0,10.29
1163.00,1032.54,311.61,180.86,1.500,30.00,30.0,10.29
1164.00,1032.51,310.11,181.03,1.500,30.00,30.0,10.29
1165.00,1032.49,308.61,181.20,1.500,30.00,30.0,10.29
1166.00,1032.45,307.11,181.37,1.500,30.00,30.0,10.29
1167.00,1032.42,305.61,181.54,1.500,30.00,30.0,10.29
1168.00,1032.38,304.11,181.71,1.500,30.00,30.0,10.29
1169.00,1032.33,302.61,181.89,1.500,30.00,30.0,10.29
1170.00,1032.28,301.11,182.06,1.500,30.00,30.0,10.29
1171.00,1032.23,299.61,182.23,1.500,30.00,30.0,10.29
1172.00,1032.17,298.11,182.40,1.500,30.00,30.0,10.29
1173.00,1032.11,296.62,182.57,1.500,30.00,30.0,10.29
1174.00,1032.04,295.12,182.74,1.500,30.00,30.0,10.29
1175.00,1031.97,293.62,182.91,1.500,30.00,30.0,10.29
1176.00,1031.89,292.12,183.09,1.500,30.00,30.0,10.29
1177.00,1031.81,290.62,183.26,1.500,30.00,30.0,10.29
1178.00,1031.73,289.13,183.43,1.500,30.00,30.0,10.29
1179.00,1031.64,287.63,183.60,1.500,30.00,30.0,10.29
1180.00,1031.54,286.13,183.77,1.500,30.00,30.0,10.29
1181.00,1031.45,284.63,183.94,1.500,30.00,30.0,10.29
1182.00,1031.34,283.14,184.11,1.500,30.00,30.0,10.29
1183.00,1031.23,281.64,184.29,1.500,30.00,30.0,10.29
1184.00,1031.12,280.15,184.46,1.500,30.00,30.0,10.29
1185.00,1031.01,278.65,184.63,1.500,30.00,30.0,10.29
1186.00,1030.89,277.16,184.80,1.500,30.00,30.0,10.29
1187.00,1030.76,275.66,184.97,1.500,30.00,30.0,10.29
1188.00,1030.63,274.17,185.14,1.500,30.00,30.0,10.29
1189.00,1030.50,272.67,185.31,1.500,30.00,30.0,10.29
1190.00,1030.36,271.18,185.49,1.500,30.00,30.0,10.29
1191.00,1030.21,269.69,185.66,1.500,30.00,30.0,10.29
1192.00,1030.06,268.19,185.83,1.500,30.00,30.0,10.29
1193.00,1029.91,266.70,186.00,1.500,30.00,30.0,10.29
1194.00,1029.76,265.21,186.17,1.500,30.00,30.0,10.29
1195.00,1029.59,263.72,186.34,1.500,30.00,30.0,10.29
1196.00,1029.43,262.23,186.51,1.500,30.00,30.0,10.29
1197.00,1029.26,260.74,186.69,1.500,30.00,30.0,10.29
1198.00,1029.08,259.25,186.86,1.500,30.00,30.0,10.29
1199.00,1028.90,257.76,187.03,1.500,30.00,30.0,10.29
1200.00,1028.72,256.27,187.20,1.500,30.00,30.0,10.29
1201.00,1028.53,254.78,187.37,1.500,30.00,30.0,10.29
1202.00,1028.34,253.29,187.54,1.500,30.00,30.0,10.29
1203.00,1028.14,251.81,187.71,1.500,30.00,30.0,10.29
1204.00,1027.94,250.32,187.89,1.500,30.00,30.0,10.29
1205.00,1027.74,248.83,188.06,1.500,30.00,30.0,10.29
1206.00,1027.53,247.35,188.23,1.500,30.00,30.0,10.29
1207.00,1027.31,245.86,188.40,1.500,30.00,30.0,10.29
1208.00,1027.09,244.38,188.57,1.500,30.00,30.0,10.29
1209.00,1026.87,242.90,188.74,1.500,30.00,30.0,10.29
1210.00,1026.64,241.41,188.91,1.500,30.00,30.0,10.29
1211.00,1026.41,239.93,189.09,1.500,30.00,30.0,10.29
1212.00,1026.17,238.45,189.26,1.500,30.00,30.0,10.29
1213.00,1025.93,236.97,189.43,1.500,30.00,30.0,10.29
1214.00,1025.68,235.49,189.60,1.500,30.00,30.0,10.29
1215.00,1025.43,234.01,189.77,1.500,30.00,30.0,10.29
1216.00,1025.18,232.53,189.94,1.500,30.00,30.0,10.29
1217.00,1024.92,231.06,190.11,1.500,30.00,30.0,10.29
1218.00,1024.66,229.58,190.29,1.500,30.00,30.0,10.29
1219.00,1024.39,228.10,190.46,1.500,30.00,30.0,10.29
1220.00,1024.12,226.63,190.63,1.500,30.00,30.0,10.29
1221.00,1023.84,225.15,190.80,1.500,30.00,30.0,10.29
1222.00,1023.56,223.68,190.97,1.500,30.00,30.0,10.29
1223.00,1023.27,222.21,191.14,1.500,30.00,30.0,10.29
1224.00,1022.98,220.74,191.31,1.500,30.00,30.0,10.29
1225.00,1022.69,219.27,191.49,1.500,30.00,30.0,10.29
1226.00,1022.39,217.80,191.66,1.500,30.00,30.0,10.29
1227.00,1022.09,216.33,191.83,1.500,30.00,30.0,10.29
1228.00,1021.78,214.86,192.00,1.500,30.00,30.0,10.29
1229.00,1021.47,213.39,192.17,1.500,30.00,30.0,10.29
1230.00,1021.15,211.92,192.34,1.500,30.00,30.0,10.29
1231.00,1020.83,210.46,192.51,1.500,30.00,30.0,10.29
1232.00,1020.51,209.00,192.69,1.500,30.00,30.0,10.29
1233.00,1020.18,207.53,192.86,1.500,30.00,30.0,10.29
1234.00,1019.84,206.07,193.03,1.500,30.00,30.0,10.29
1235.00,1019.51,204.61,193.20,1.500,30.00,30.0,10.29
1236.00,1019.16,203.15,193.37,1.500,30.00,30.0,10.29
1237.00,1018.82,201.69,193.54,1.500,30.00,30.0,10.29
1238.00,1018.47,200.23,193.71,1.500,30.00,30.0,10.29
1239.00,1018.11,198.77,193.89,1.500,30.00,30.0,10.29
1240.00,1017.75,197.32,194.06,1.500,30.00,30.0,10.29
1241.00,1017.39,195.86,194.23,1.500,30.00,30.0,10.29
1242.00,1017.02,194.41,194.40,1.500,30.00,30.0,10.29
1243.00,1016.64,192.95,194.57,1.500,30.00,30.0,10.29
1244.00,1016.27,191.50,194.74,1.500,30.00,30.0,10.29
1245.00,1015.88,190.05,194.91,1.500,30.00,30.0,10.29
1246.00,1015.50,188.60,195.09,1.500,30.00,30.0,10.29
1247.00,1015.11,187.15,195.26,1.500,30.00,30.0,10.29
1248.00,1014.71,185.71,195.43,1.500,30.00,30.0,10.29
1249.00,1014.31,184.26,195.60,1.500,30.00,30.0,10.29
1250.00,1013.91,182.82,195.77,1.500,30.00,30.0,10.29
1251.00,1013.50,181.37,195.94,1.500,30.00,30.0,10.29
1252.00,1013.09,179.93,196.11,1.500,30.00,30.0,10.29
1253.00,1012.67,178.49,196.29,1.500,30.00,30.0,10.29
1254.00,1012.25,177.05,196.46,1.500,30.00,30.0,10.29
1255.00,1011.83,175.61,196.63,1.500,30.00,30.0,10.29
1256.00,1011.40,174.17,196.80,1.500,30.00,30.0,10.29
1257.00,1010.97,172.74,196.97,1.500,30.00,30.0,10.29
1258.00,1010.53,171.30,197.14,1.500,30.00,30.0,10.29
1259.00,1010.09,169.87,197.31,1.500,30.00,30.0,10.29
1260.00,1009.64,168.44,197.49,1.500,30.00,30.0,10.29
1261.00,1009.19,167.01,197.66,1.500,30.00,30.0,10.29
1262.00,1008.73,165.58,197.83,1.500,30.00,30.0,10.29
1263.00,1008.28,164.15,198.00,1.500,30.00,30.0,10.29
1264.00,1007.81,162.72,198.17,1.500,30.00,30.0,10.29
1265.00,1007.34,161.30,198.34,1.500,30.00,30.0,10.29
1266.00,1006.87,159.87,198.51,1.500,30.00,30.0,10.29
1267.00,1006.40,158.45,198.69,1.500,30.00,30.0,10.29
1268.00,1005.91,157.03,198.86,1.500,30.00,30.0,10.29
1269.00,1005.43,155.61,199.03,1.500,30.00,30.0,10.29
1270.00,1004.94,154.19,199.20,1.500,30.00,30.0,10.29
1271.00,1004.45,152.78,199.37,1.500,30.00,30.0,10.29
1272.00,1003.95,151.36,199.54,1.500,30.00,30.0,10.29
1273.00,1003.45,149.95,199.71,1.500,30.00,30.0,10.29
1274.00,1002.94,148.54,199.89,1.500,30.00,30.0,10.29
1275.00,1002.43,147.13,200.06,1.500,30.00,30.0,10.29
1276.00,1001.92,145.72,200.23,1.500,30.00,30.0,10.29
1277.00,1001.40,144.31,200.40,1.500,30.00,30.0,10.29
1278.00,1000.88,142.90,200.57,1.500,30.00,30.0,10.29
1279.00,1000.35,141.50,200.74,1.500,30.00,30.0,10.29
1280.00,999.82,140.10,200.91,1.500,30.00,30.0,10.29
1281.00,999.28,138.70,201.09,1.500,30.00,30.0,10.29
1282.00,998.74,137.30,201.26,1.500,30.00,30.0,10.29
1283.00,998.20,135.90,201.43,1.500,30.00,30.0,10.29
1284.00,997.65,134.50,201.60,1.500,30.00,30.0,10.29
1285.00,997.10,133.11,201.77,1.500,30.00,30.0,10.29
1286.00,996.54,131.71,201.94,1.500,30.00,30.0,10.29
1287.00,995.98,130.32,202.11,1.500,30.00,30.0,10.29
1288.00,995.42,128.93,202.29,1.500,30.00,30.0,10.29
1289.00,994.85,127.54,202.46,1.500,30.00,30.0,10.29
1290.00,994.28,126.16,202.63,1.500,30.00,30.0,10.29
1291.00,993.70,124.77,202.80,1.500,30.00,30.0,10.29
1292.00,993.12,123.39,202.97,1.500,30.00,30.0,10.29
1293.00,992.53,122.01,203.14,1.500,30.00,30.0,10.29
1294.00,991.94,120.63,203.31,1.500,30.00,30.0,10.29
1295.00,991.35,119.25,203.49,1.500,30.00,30.0,10.29
1296.00,990.75,117.88,203.66,1.500,30.00,30.0,10.29
1297.00,990.15,116.50,203.83,1.500,30.00,30.0,10.29
1298.00,989.54,115.13,204.00,1.500,30.00,30.0,10.29
1299.00,988.93,113.76,204.17,1.500,30.00,30.0,10.29
1300.00,988.32,112.39,204.34,1.500,30.00,30.0,10.29
1301.00,987.70,111.03,204.51,1.500,30.00,30.0,10.29
1302.00,987.08,109.66,204.69,1.500,30.00,30.0,10.29
1303.00,986.45,108.30,204.86,1.500,30.00,30.0,10.29
1304.00,985.82,106.94,205.03,1.500,30.00,30.0,10.29
1305.00,985.19,105.58,205.20,1.500,30.00,30.0,10.29
1306.00,984.55,104.22,205.37,1.500,30.00,30.0,10.29
1307.00,983.90,102.87,205.54,1.500,30.00,30.0,10.29
1308.00,983.26,101.51,205.71,1.500,30.00,30.0,10.29
1309.00,982.61,100.16,205.89,1.500,30.00,30.0,10.29
1310.00,981.95,98.81,206.06,1.500,30.00,30.0,10.29
1311.00,981.29,97.46,206.23,1.500,30.00,30.0,10.29
1312.00,980.63,96.12,206.40,1.500,30.00,30.0,10.29
1313.00,979.96,94.77,206.57,1.500,30.00,30.0,10.29
1314.00,979.29,93.43,206.74,1.500,30.00,30.0,10.29
1315.00,978.62,92.09,206.91,1.500,30.00,30.0,10.29
1316.00,977.94,90.76,207.09,1.500,30.00,30.0,10.29
1317.00,977.26,89.42,207.26,1.500,30.00,30.0,10.29
1318.00,976.57,88.09,207.43,1.500,30.00,30.0,10.29
1319.00,975.88,86.76,207.60,1.500,30.00,30.0,10.29
1320.00,975.18,85.43,207.77,1.500,30.00,30.0,10.29
1321.00,974.48,84.10,207.94,1.500,30.00,30.0,10.29
1322.00,973.78,82.77,208.11,1.500,30.00,30.0,10.29
1323.00,973.07,81.45,208.29,1.500,30.00,30.0,10.29
1324.00,972.36,80.13,208.46,1.500,30.00,30.0,10.29
1325.00,971.65,78.81,208.63,1.500,30.00,30.0,10.29
1326.00,970.93,77.49,208.80,1.500,30.00,30.0,10.29
1327.00,970.21,76.18,208.97,1.500,30.00,30.0,10.29
1328.00,969.48,74.87,209.14,1.500,30.00,30.0,10.29
1329.00,968.75,73.56,209.31,1.500,30.00,30.0,10.29
1330.00,968.02,72.25,209.49,1.500,30.00,30.0,10.29
1331.00,967.28,70.94,209.66,1.500,30.00,30.0,10.29
1332.00,966.54,69.64,209.83,1.500,30.00,30.0,10.29
1333.00,965.79,68.34,210.00,1.500,30.00,30.0,10.29
1334.00,965.04,67.04,210.17,1.500,30.00,30.0,10.29
1335.00,964.29,65.74,210.34,1.500,30.00,30.0,10.29
1336.00,963.53,64.45,210.51,1.500,30.00,30.0,10.29
1337.00,962.77,63.16,210.69,1.500,30.00,30.0,10.29
1338.00,962.00,61.87,210.86,1.500,30.00,30.0,10.29
1339.00,961.23,60.58,211.03,1.500,30.00,30.0,10.29
1340.00,960.46,59.29,211.20,1.500,30.00,30.0,10.29
1341.00,959.68,58.01,211.37,1.500,30.00,30.0,10.29
1342.00,958.90,56.73,211.54,1.500,30.00,30.0,10.29
1343.00,958.12,55.45,211.71,1.500,30.00,30.0,10.29
1344.00,957.33,54.18,211.89,1.500,30.00,30.0,10.29
1345.00,956.53,52.90,212.06,1.500,30.00,30.0,10.29
1346.00,955.74,51.63,212.23,1.500,30.00,30.0,10.29
1347.00,954.94,50.36,212.40,1.500,30.00,30.0,10.29
1348.00,954.13,49.10,212.57,1.500,30.00,30.0,10.29
1349.00,953.33,47.83,212.74,1.500,30.00,30.0,10.29
1350.00,952.52,46.57,212.91,1.500,30.00,30.0,10.29
1351.00,951.70,45.31,213.09,1.500,30.00,30.0,10.29
1352.00,950.88,44.05,213.26,1.500,30.00,30.0,10.29
1353.00,950.06,42.80,213.43,1.500,30.00,30.0,10.29
1354.00,949.23,41.55,213.60,1.500,30.00,30.0,10.29
1355.00,948.40,40.30,213.77,1.500,30.00,30.0,10.29
1356.00,947.57,39.05,213.94,1.500,30.00,30.0,10.29
1357.00,946.73,37.81,214.11,1.500,30.00,30.0,10.29
1358.00,945.89,36.56,214.29,1.500,30.00,30.0,10.29
1359.00,945.05,35.33,214.46,1.500,30.00,30.0,10.29
1360.00,944.20,34.09,214.63,1.500,30.00,30.0,10.29
1361.00,943.34,32.85,214.80,1.500,30.00,30.0,10.29
1362.00,942.49,31.62,214.97,1.500,30.00,30.0,10.29
1363.00,941.63,30.39,215.14,1.500,30.00,30.0,10.29
1364.00,940.76,29.17,215.31,1.500,30.00,30.0,10.29
1365.00,939.90,27.94,215.49,1.500,30.00,30.0,10.29
1366.00,939.03,26.72,215.66,1.500,30.00,30.0,10.29
1367.00,938.15,25.50,215.83,1.500,30.00,30.0,10.29
1368.00,937.27,24.29,216.00,1.500,30.00,30.0,10.29
1369.00,936.39,23.07,216.17,1.500,30.00,30.0,10.29
1370.00,935.51,21.86,216.34,1.500,30.00,30.0,10.29
1371.00,934.62,20.65,216.51,1.500,30.00,30.0,10.29
1372.00,933.73,19.45,216.69,1.500,30.00,30.0,10.29
1373.00,932.83,18.25,216.86,1.500,30.00,30.0,10.29
1374.00,931.93,17.05,217.03,1.500,30.00,30.0,10.29
1375.00,931.03,15.85,217.20,1.500,30.00,30.0,10.29
1376.00,930.12,14.65,217.37,1.500,30.00,30.0,10.29
1377.00,929.21,13.46,217.54,1.500,30.00,30.0,10.29
1378.00,928.30,12.27,217.71,1.500,30.00,30.0,10.29
1379.00,927.38,11.08,217.89,1.500,30.00,30.0,10.29
1380.00,926.46,9.90,218.06,1.500,30.00,30.0,10.29
1381.00,925.53,8.72,218.23,1.500,30.00,30.0,10.29
1382.00,924.60,7.54,218.40,1.500,30.00,30.0,10.29
1383.00,923.67,6.37,218.57,1.500,30.00,30.0,10.29
1384.00,922.74,5.19,218.74,1.500,30.00,30.0,10.29
1385.00,921.80,4.02,218.91,1.500,30.00,30.0,10.29
1386.00,920.86,2.86,219.09,1.500,30.00,30.0,10.29
1387.00,919.91,1.69,219.26,1.500,30.00,30.0,10.29
1388.00,918.96,0.53,219.43,1.500,30.00,30.0,10.29
1389.00,918.01,-0.63,219.60,1.500,30.00,30.0,10.29
1390.00,917.05,-1.78,219.77,1.500,30.00,30.0,10.29
1391.00,916.09,-2.94,219.94,1.500,30.00,30.0,10.29
1392.00,915.13,-4.09,220.11,1.500,30.00,30.0,10.29
1393.00,914.16,-5.23,220.29,1.500,30.00,30.0,10.29
1394.00,913.19,-6.38,220.46,1.500,30.00,30.0,10.29
1395.00,912.22,-7.52,220.63,1.500,30.00,30.0,10.29
1396.00,911.24,-8.66,220.80,1.500,30.00,30.0,10.29
1397.00,910.26,-9.79,220.97,1.500,30.00,30.0,10.29
1398.00,909.28,-10.93,221.14,1.500,30.00,30.0,10.29
1399.00,908.29,-12.06,221.31,1.500,30.00,30.0,10.29
1400.00,907.30,-13.18,221.49,1.500,30.00,30.0,10.29
1401.00,906.31,-14.31,221.66,1.500,30.00,30.0,10.29
1402.00,905.31,-15.43,221.83,1.500,30.00,30.0,10.29
1403.00,904.31,-16.54,222.00,1.500,30.00,30.0,10.29
1404.00,903.31,-17.66,222.17,1.500,30.00,30.0,10.29
1405.00,902.30,-18.77,222.34,1.500,30.00,30.0,10.29
1406.00,901.29,-19.88,222.51,1.500,30.00,30.0,10.29
1407.00,900.28,-20.99,222.69,1.500,30.00,30.0,10.29
1408.00,899.26,-22.09,222.86,1.500,30.00,30.0,10.29
1409.00,898.24,-23.19,223.03,1.500,30.00,30.0,10.29
1410.00,897.22,-24.28,223.20,1.500,30.00,30.0,10.29
1411.00,896.19,-25.38,223.37,1.500,30.00,30.0,10.29
1412.00,895.16,-26.47,223.54,1.500,30.00,30.0,10.29
1413.00,894.13,-27.56,223.71,1.500,30.00,30.0,10.29
1414.00,893.09,-28.64,223.89,1.500,30.00,30.0,10.29
1415.00,892.05,-29.72,224.06,1.500,30.00,30.0,10.29
1416.00,891.01,-30.80,224.23,1.500,30.00,30.0,10.29
1417.00,889.96,-31.87,224.40,1.500,30.00,30.0,10.29
1418.00,888.91,-32.94,224.57,1.500,30.00,30.0,10.29
1419.00,887.86,-34.01,224.74,1.500,30.00,30.0,10.29
1420.00,886.80,-35.08,224.91,1.500,30.00,30.0,10.29
1421.00,885.74,-36.14,225.09,1.500,30.00,30.0,10.29
1422.00,884.68,-37.20,225.26,1.500,30.00,30.0,10.29
1423.00,883.61,-38.26,225.43,1.500,30.00,30.0,10.29
1424.00,882.55,-39.31,225.60,1.500,30.00,30.0,10.29
1425.00,881.47,-40.36,225.77,1.500,30.00,30.0,10.29
1426.00,880.40,-41.40,225.94,1.500,30.00,30.0,10.29
1427.00,879.32,-42.45,226.11,1.500,30.00,30.0,10.29
1428.00,878.24,-43.49,226.29,1.500,30.00,30.0,10.29
1429.00,877.16,-44.52,226.46,1.500,30.00,30.0,10.29
1430.00,876.07,-45.56,226.63,1.500,30.00,30.0,10.29
1431.00,874.98,-46.59,226.80,1.500,30.00,30.0,10.29
1432.00,873.89,-47.61,226.97,1.500,30.00,30.0,10.29
1433.00,872.79,-48.64,227.14,1.500,30.00,30.0,10.29
1434.00,871.69,-49.66,227.31,1.500,30.00,30.0,10.29
1435.00,870.59,-50.68,227.49,1.500,30.00,30.0,10.29
1436.00,869.48,-51.69,227.66,1.500,30.00,30.0,10.29
1437.00,868.37,-52.70,227.83,1.500,30.00,30.0,10.29
1438.00,867.26,-53.71,228.00,1.500,30.00,30.0,10.29
1439.00,866.15,-54.71,228.17,1.500,30.00,30.0,10.29
1440.00,865.03,-55.71,228.34,1.500,30.00,30.0,10.29
1441.00,863.91,-56.71,228.51,1.500,30.00,30.0,10.29
1442.00,862.78,-57.70,228.69,1.500,30.00,30.0,10.29
1443.00,861.66,-58.69,228.86,1.500,30.00,30.0,10.29
1444.00,860.53,-59.68,229.03,1.500,30.00,30.0,10.29
1445.00,859.40,-60.66,229.20,1.500,30.00,30.0,10.29
1446.00,858.26,-61.64,229.37,1.500,30.00,30.0,10.29
1447.00,857.12,-62.62,229.54,1.500,30.00,30.0,10.29
1448.00,855.98,-63.59,229.71,1.500,30.00,30.0,10.29
1449.00,854.84,-64.56,229.89,1.500,30.00,30.0,10.29
1450.00,853.69,-65.53,230.06,1.500,30.00,30.0,10.29
1451.00,852.54,-66.49,230.23,1.500,30.00,30.0,10.29
1452.00,851.39,-67.45,230.40,1.500,30.00,30.0,10.29
1453.00,850.23,-68.41,230.57,1.500,30.00,30.0,10.29
1454.00,849.07,-69.36,230.74,1.500,30.00,30.0,10.29
1455.00,847.91,-70.31,230.91,1.500,30.00,30.0,10.29
1456.00,846.75,-71.25,231.09,1.500,30.00,30.0,10.29
1457.00,845.58,-72.20,231.26,1.500,30.00,30.0,10.29
1458.00,844.41,-73.14,231.43,1.500,30.00,30.0,10.29
1459.00,843.24,-74.07,231.60,1.500,30.00,30.0,10.29
1460.00,842.06,-75.00,231.77,1.500,30.00,30.0,10.29
1461.00,840.88,-75.93,231.94,1.500,30.00,30.0,10.29
1462.00,839.70,-76.86,232.11,1.500,30.00,30.0,10.29
1463.00,838.52,-77.78,232.29,1.500,30.00,30.0,10.29
1464.00,837.33,-78.69,232.46,1.500,30.00,30.0,10.29
1465.00,836.14,-79.61,232.63,1.500,30.00,30.0,10.29
1466.00,834.95,-80.52,232.80,1.500,30.00,30.0,10.29
1467.00,833.75,-81.43,232.97,1.500,30.00,30.0,10.29
1468.00,832.56,-82.33,233.14,1.500,30.00,30.0,10.29
1469.00,831.36,-83.23,233.31,1.500,30.00,30.0,10.29
1470.00,830.15,-84.12,233.49,1.500,30.00,30.0,10.29
1471.00,828.95,-85.02,233.66,1.500,30.00,30.0,10.29
1472.00,827.74,-85.91,233.83,1.500,30.00,30.0,10.29
1473.00,826.53,-86.79,234.00,1.500,30.00,30.0,10.29
1474.00,825.32,-87.67,234.17,1.500,30.00,30.0,10.29
1475.00,824.10,-88.55,234.34,1.500,30.00,30.0,10.29
1476.00,822.88,-89.43,234.51,1.500,30.00,30.0,10.29
1477.00,821.66,-90.30,234.69,1.500,30.00,30.0,10.29
1478.00,820.43,-91.16,234.86,1.500,30.00,30.0,10.29
1479.00,819.21,-92.03,235.03,1.500,30.00,30.0,10.29
1480.00,817.98,-92.89,235.20,1.500,30.00,30.0,10.29
1481.00,816.75,-93.74,235.37,1.500,30.00,30.0,10.29
1482.00,815.51,-94.59,235.54,1.500,30.00,30.0,10.29
1483.00,814.28,-95.44,235.71,1.500,30.00,30.0,10.29
1484.00,813.04,-96.29,235.89,1.500,30.00,30.0,10.29
1485.00,811.79,-97.13,236.06,1.500,30.00,30.0,10.29
1486.00,810.55,-97.97,236.23,1.500,30.00,30.0,10.29
1487.00,809.30,-98.80,236.40,1.500,30.00,30.0,10.29
1488.00,808.05,-99.63,236.57,1.500,30.00,30.0,10.29
1489.00,806.80,-100.46,236.74,1.500,30.00,30.0,10.29
1490.00,805.55,-101.28,236.91,1.500,30.00,30.0,10.29
1491.00,804.29,-102.10,237.09,1.500,30.00,30.0,10.29
1492.00,803.03,-102.91,237.26,1.500,30.00,30.0,10.29
1493.00,801.77,-103.73,237.43,1.500,30.00,30.0,10.29
1494.00,800.51,-104.53,237.60,1.500,30.00,30.0,10.29
1495.00,799.24,-105.34,237.77,1.500,30.00,30.0,10.29
1496.00,797.97,-106.14,237.94,1.500,30.00,30.0,10.29
1497.00,796.70,-106.93,238.11,1.500,30.00,30.0,10.29
1498.00,795.43,-107.73,238.29,1.500,30.00,30.0,10.29
1499.00,794.15,-108.51,238.46,1.500,30.00,30.0,10.29
1500.00,792.87,-109.30,238.63,1.500,30.00,30.0,10.29
1501.00,791.59,-110.08,238.80,1.500,30.00,30.0,10.29
1502.00,790.31,-110.86,238.97,1.500,30.00,30.0,10.29
1503.00,789.02,-111.63,239.14,1.500,30.00,30.0,10.29
1504.00,787.73,-112.40,239.31,1.500,30.00,30.0,10.29
1505.00,786.44,-113.16,239.49,1.500,30.00,30.0,10.29
1506.00,785.15,-113.93,239.66,1.500,30.00,30.0,10.29
1507.00,783.86,-114.68,239.83,1.500,30.00,30.0,10.29
1508.00,782.56,-115.44,240.00,1.500,30.00,30.0,10.29
1509.00,781.26,-116.19,240.17,1.500,30.00,30.0,10.29
1510.00,779.96,-116.93,240.34,1.500,30.00,30.0,10.29
1511.00,778.66,-117.68,240.51,1.500,30.00,30.0,10.29
1512.00,777.35,-118.41,240.69,1.500,30.00,30.0,10.29
1513.00,776.04,-119.15,240.86,1.500,30.00,30.0,10.29
1514.00,774.73,-119.88,241.03,1.500,30.00,30.0,10.29
1515.00,773.42,-120.61,241.20,1.500,30.00,30.0,10.29
1516.00,772.11,-121.33,241.37,1.500,30.00,30.0,10.29
1517.00,770.79,-122.05,241.54,1.500,30.00,30.0,10.29
1518.00,769.47,-122.76,241.71,1.500,30.00,30.0,10.29
1519.00,768.15,-123.47,241.89,1.500,30.00,30.0,10.29
1520.00,766.83,-124.18,242.06,1.500,30.00,30.0,10.29
1521.00,765.50,-124.88,242.23,1.500,30.00,30.0,10.29
1522.00,764.18,-125.58,242.40,1.500,30.00,30.0,10.29
1523.00,762.85,-126.28,242.57,1.500,30.00,30.0,10.29
1524.00,761.51,-126.97,242.74,1.500,30.00,30.0,10.29
1525.00,760.18,-127.65,242.91,1.500,30.00,30.0,10.29
1526.00,758.85,-128.34,243.09,1.500,30.00,30.0,10.29
1527.00,757.51,-129.02,243.26,1.500,30.00,30.0,10.29
1528.00,756.17,-129.69,243.43,1.500,30.00,30.0,10.29
1529.00,754.83,-130.36,243.60,1.500,30.00,30.0,10.29
1530.00,753.48,-131.03,243.77,1.500,30.00,30.0,10.29
1531.00,752.14,-131.69,243.94,1.500,30.00,30.0,10.29
1532.00,750.79,-132.35,244.11,1.500,30.00,30.0,10.29
1533.00,749.44,-133.01,244.29,1.500,30.00,30.0,10.29
1534.00,748.09,-133.66,244.46,1.500,30.00,30.0,10.29
1535.00,746.74,-134.30,244.63,1.500,30.00,30.0,10.29
1536.00,745.38,-134.95,244.80,1.500,30.00,30.0,10.29
1537.00,744.02,-135.58,244.97,1.500,30.00,30.0,10.29
1538.00,742.66,-136.22,245.14,1.500,30.00,30.0,10.29
1539.00,741.30,-136.85,245.31,1.500,30.00,30.0,10.29
1540.00,739.94,-137.48,245.49,1.500,30.00,30.0,10.29
1541.00,738.58,-138.10,245.66,1.500,30.00,30.0,10.29
1542.00,737.21,-138.72,245.83,1.500,30.00,30.0,10.29
1543.00,735.84,-139.33,246.00,1.500,30.00,30.0,10.29
1544.00,734.47,-139.94,246.17,1.500,30.00,30.0,10.29
1545.00,733.10,-140.55,246.34,1.500,30.00,30.0,10.29
1546.00,731.72,-141.15,246.51,1.500,30.00,30.0,10.29
1547.00,730.35,-141.75,246.69,1.500,30.00,30.0,10.29
1548.00,728.97,-142.34,246.86,1.500,30.00,30.0,10.29
1549.00,727.59,-142.93,247.03,1.500,30.00,30.0,10.29
1550.00,726.21,-143.52,247.20,1.500,30.00,30.0,10.29
1551.00,724.83,-144.10,247.37,1.500,30.00,30.0,10.29
1552.00,723.44,-144.67,247.54,1.500,30.00,30.0,10.29
1553.00,722.06,-145.25,247.71,1.500,30.00,30.0,10.29
1554.00,720.67,-145.82,247.89,1.500,30.00,30.0,10.29
1555.00,719.28,-146.38,248.06,1.500,30.00,30.0,10.29
1556.00,717.89,-146.94,248.23,1.500,30.00,30.0,10.29
1557.00,716.49,-147.50,248.40,1.500,30.00,30.0,10.29
1558.00,715.10,-148.05,248.57,1.500,30.00,30.0,10.29
1559.00,713.70,-148.60,248.74,1.500,30.00,30.0,10.29
1560.00,712.31,-149.14,248.91,1.500,30.00,30.0,10.29
1561.00,710.91,-149.68,249.09,1.500,30.00,30.0,10.29
1562.00,709.51,-150.22,249.26,1.500,30.00,30.0,10.29
1563.00,708.10,-150.75,249.43,1.500,30.00,30.0,10.29
1564.00,706.70,-151.27,249.60,1.500,30.00,30.0,10.29
1565.00,705.29,-151.80,249.77,1.500,30.00,30.0,10.29
1566.00,703.88,-152.32,249.94,1.500,30.00,30.0,10.29
1567.00,702.48,-152.83,250.11,1.500,30.00,30.0,10.29
1568.00,701.07,-153.34,250.29,1.500,30.00,30.0,10.29
1569.00,699.65,-153.85,250.46,1.500,30.00,30.0,10.29
1570.00,698.24,-154.35,250.63,1.500,30.00,30.0,10.29
1571.00,696.82,-154.85,250.80,1.500,30.00,30.0,10.29
1572.00,695.41,-155.34,250.97,1.500,30.00,30.0,10.29
1573.00,693.99,-155.83,251.14,1.500,30.00,30.0,10.29
1574.00,692.57,-156.31,251.31,1.500,30.00,30.0,10.29
1575.00,691.15,-156.79,251.49,1.500,30.00,30.0,10.29
1576.00,689.73,-157.27,251.66,1.500,30.00,30.0,10.29
1577.00,688.30,-157.74,251.83,1.500,30.00,30.0,10.29
1578.00,686.88,-158.21,252.00,1.500,30.00,30.0,10.29
1579.00,685.45,-158.67,252.17,1.500,30.00,30.0,10.29
1580.00,684.02,-159.13,252.34,1.500,30.00,30.0,10.29
1581.00,682.59,-159.59,252.51,1.500,30.00,30.0,10.29
1582.00,681.16,-160.04,252.69,1.500,30.00,30.0,10.29
1583.00,679.73,-160.49,252.86,1.500,30.00,30.0,10.29
1584.00,678.30,-160.93,253.03,1.500,30.00,30.0,10.29
1585.00,676.86,-161.37,253.20,1.500,30.00,30.0,10.29
1586.00,675.43,-161.80,253.37,1.500,30.00,30.0,10.29
1587.00,673.99,-162.23,253.54,1.500,30.00,30.0,10.29
1588.00,672.55,-162.65,253.71,1.500,30.00,30.0,10.29
1589.00,671.11,-163.07,253.89,1.500,30.00,30.0,10.29
1590.00,669.67,-163.49,254.06,1.500,30.00,30.0,10.29
1591.00,668.23,-163.90,254.23,1.500,30.00,30.0,10.29
1592.00,666.78,-164.31,254.40,1.500,30.00,30.0,10.29
1593.00,665.34,-164.71,254.57,1.500,30.00,30.0,10.29
1594.00,663.89,-165.11,254.74,1.500,30.00,30.0,10.29
1595.00,662.45,-165.51,254.91,1.500,30.00,30.0,10.29
1596.00,661.00,-165.90,255.09,1.500,30.00,30.0,10.29
1597.00,659.55,-166.28,255.26,1.500,30.00,30.0,10.29
1598.00,658.10,-166.66,255.43,1.500,30.00,30.0,10.29
1599.00,656.65,-167.04,255.60,1.500,30.00,30.0,10.29
1600.00,655.19,-167.42,255.77,1.500,30.00,30.0,10.29
1601.00,653.74,-167.78,255.94,1.500,30.00,30.0,10.29
1602.00,652.29,-168.15,256.11,1.500,30.00,30.0,10.29
1603.00,650.83,-168.51,256.29,1.500,30.00,30.0,10.29
1604.00,649.37,-168.86,256.46,1.500,30.00,30.0,10.29
1605.00,647.91,-169.22,256.63,1.500,30.00,30.0,10.29
1606.00,646.45,-169.56,256.80,1.500,30.00,30.0,10.29
1607.00,644.99,-169.90,256.97,1.500,30.00,30.0,10.29
1608.00,643.53,-170.24,257.14,1.500,30.00,30.0,10.29
1609.00,642.07,-170.58,257.31,1.500,30.00,30.0,10.29
1610.00,640.61,-170.91,257.49,1.500,30.00,30.0,10.29
1611.00,639.14,-171.23,257.66,1.500,30.00,30.0,10.29
1612.00,637.68,-171.55,257.83,1.500,30.00,30.0,10.29
1613.00,636.21,-171.87,258.00,1.500,30.00,30.0,10.29
1614.00,634.74,-172.18,258.17,1.500,30.00,30.0,10.29
1615.00,633.28,-172.49,258.34,1.500,30.00,30.0,10.29
1616.00,631.81,-172.79,258.51,1.500,30.00,30.0,10.29
1617.00,630.34,-173.09,258.69,1.500,30.00,30.0,10.29
1618.00,628.87,-173.38,258.86,1.500,30.00,30.0,10.29
1619.00,627.39,-173.67,259.03,1.500,30.00,30.0,10.29
1620.00,625.92,-173.96,259.20,1.500,30.00,30.0,10.29
1621.00,624.45,-174.24,259.37,1.500,30.00,30.0,10.29
1622.00,622.97,-174.52,259.54,1.500,30.00,30.0,10.29
1623.00,621.50,-174.79,259.71,1.500,30.00,30.0,10.29
1624.00,620.02,-175.06,259.89,1.500,30.00,30.0,10.29
1625.00,618.55,-175.32,260.06,1.500,30.00,30.0,10.29
1626.00,617.07,-175.58,260.23,1.500,30.00,30.0,10.29
1627.00,615.59,-175.83,260.40,1.500,30.00,30.0,10.29
1628.00,614.11,-176.08,260.57,1.500,30.00,30.0,10.29
1629.00,612.63,-176.33,260.74,1.500,30.00,30.0,10.29
1630.00,611.15,-176.57,260.91,1.500,30.00,30.0,10.29
1631.00,609.67,-176.81,261.09,1.500,30.00,30.0,10.29
1632.00,608.19,-177.04,261.26,1.500,30.00,30.0,10.29
1633.00,606.71,-177.27,261.43,1.500,30.00,30.0,10.29
1634.00,605.22,-177.49,261.60,1.500,30.00,30.0,10.29
1635.00,603.74,-177.71,261.77,1.500,30.00,30.0,10.29
1636.00,602.25,-177.93,261.94,1.500,30.00,30.0,10.29
1637.00,600.77,-178.14,262.11,1.500,30.00,30.0,10.29
1638.00,599.28,-178.34,262.29,1.500,30.00,30.0,10.29
1639.00,597.80,-178.54,262.46,1.500,30.00,30.0,10.29
1640.00,596.31,-178.74,262.63,1.500,30.00,30.0,10.29
1641.00,594.82,-178.93,262.80,1.500,30.00,30.0,10.29
1642.00,593.33,-179.12,262.97,1.500,30.00,30.0,10.29
1643.00,591.84,-179.30,263.14,1.500,30.00,30.0,10.29
1644.00,590.36,-179.48,263.31,1.500,30.00,30.0,10.29
1645.00,588.87,-179.66,263.49,1.500,30.00,30.0,10.29
1646.00,587.37,-179.83,263.66,1.500,30.00,30.0,10.29
1647.00,585.88,-179.99,263.83,1.500,30.00,30.0,10.29
1648.00,584.39,-180.15,264.00,1.500,30.00,30.0,10.29
1649.00,582.90,-180.31,264.17,1.500,30.00,30.0,10.29
1650.00,581.41,-180.46,264.34,1.500,30.00,30.0,10.29
1651.00,579.92,-180.61,264.51,1.500,30.00,30.0,10.29
1652.00,578.42,-180.75,264.69,1.500,30.00,30.0,10.29
1653.00,576.93,-180.89,264.86,1.500,30.00,30.0,10.29
1654.00,575.44,-181.03,265.03,1.500,30.00,30.0,10.29
1655.00,573.94,-181.16,265.20,1.500,30.00,30.0,10.29
1656.00,572.45,-181.28,265.37,1.500,30.00,30.0,10.29
1657.00,570.95,-181.40,265.54,1.500,30.00,30.0,10.29
1658.00,569.46,-181.52,265.71,1.500,30.00,30.0,10.29
1659.00,567.96,-181.63,265.89,1.500,30.00,30.0,10.29
1660.00,566.46,-181.74,266.06,1.500,30.00,30.0,10.29
1661.00,564.97,-181.84,266.23,1.500,30.00,30.0,10.29
1662.00,563.47,-181.94,266.40,1.500,30.00,30.0,10.29
1663.00,561.97,-182.04,266.57,1.500,30.00,30.0,10.29
1664.00,560.48,-182.13,266.74,1.500,30.00,30.0,10.29
1665.00,558.98,-182.21,266.91,1.500,30.00,30.0,10.29
1666.00,557.48,-182.29,267.09,1.500,30.00,30.0,10.29
1667.00,555.98,-182.37,267.26,1.500,30.00,30.0,10.29
1668.00,554.48,-182.44,267.43,1.500,30.00,30.0,10.29
1669.00,552.99,-182.51,267.60,1.500,30.00,30.0,10.29
1670.00,551.49,-182.57,267.77,1.500,30.00,30.0,10.29
1671.00,549.99,-182.63,267.94,1.500,30.00,30.0,10.29
1672.00,548.49,-182.68,268.11,1.500,30.00,30.0,10.29
1673.00,546.99,-182.73,268.29,1.500,30.00,30.0,10.29
1674.00,545.49,-182.78,268.46,1.500,30.00,30.0,10.29
1675.00,543.99,-182.82,268.63,1.500,30.00,30.0,10.29
1676.00,542.49,-182.85,268.80,1.500,30.00,30.0,10.29
1677.00,540.99,-182.88,268.97,1.500,30.00,30.0,10.29
1678.00,539.49,-182.91,269.14,1.500,30.00,30.0,10.29
1679.00,537.99,-182.93,269.31,1.500,30.00,30.0,10.29
1680.00,536.49,-182.95,269.49,1.500,30.00,30.0,10.29
1681.00,534.99,-182.97,269.66,1.500,30.00,30.0,10.29
1682.00,533.49,-182.97,269.83,1.500,30.00,30.0,10.29
1683.00,531.99,-182.98,270.00,1.500,30.00,30.0,10.29
1684.00,530.49,-182.98,270.17,1.500,30.00,30.0,10.29
1685.00,528.99,-182.97,270.34,1.500,30.00,30.0,10.29
1686.00,527.49,-182.97,270.51,1.500,30.00,30.0,10.29
1687.00,525.99,-182.95,270.69,1.500,30.00,30.0,10.29
1688.00,524.49,-182.93,270.86,1.500,30.00,30.0,10.29
1689.00,522.99,-182.91,271.03,1.500,30.00,30.0,10.29
1690.00,521.49,-182.88,271.20,1.500,30.00,30.0,10.29
1691.00,519.99,-182.85,271.37,1.500,30.00,30.0,10.29
1692.00,518.49,-182.82,271.54,1.500,30.00,30.0,10.29
1693.00,516.99,-182.78,271.71,1.500,30.00,30.0,10.29
1694.00,515.50,-182.73,271.89,1.500,30.00,30.0,10.29
1695.00,514.00,-182.68,272.06,1.500,30.00,30.0,10.29
1696.00,512.50,-182.63,272.23,1.500,30.00,30.0,10.29
1697.00,511.00,-182.57,272.40,1.500,30.00,30.0,10.29
1698.00,509.50,-182.51,272.57,1.500,30.00,30.0,10.29
1699.00,508.00,-182.44,272.74,1.500,30.00,30.0,10.29
1700.00,506.50,-182.37,272.91,1.500,30.00,30.0,10.29
1701.00,504.99,-182.29,273.09,1.510,35.00,40.0,10.34
1702.00,503.48,-182.21,273.26,1.520,35.00,40.0,10.40
1703.00,501.95,-182.12,273.43,1.529,35.00,40.0,10.45
1704.00,500.40,-182.03,273.61,1.549,35.00,50.0,10.50
1705.00,498.84,-181.93,273.79,1.568,35.00,50.0,10.55
1706.00,497.26,-181.83,273.96,1.586,35.00,50.0,10.60
1707.00,495.66,-181.72,274.14,1.605,35.00,50.0,10.65
1708.00,494.04,-181.60,274.32,1.623,35.00,50.0,10.69
1709.00,492.40,-181.48,274.50,1.640,35.00,50.0,10.74
1710.00,490.75,-181.35,274.68,1.657,35.00,50.0,10.78
1711.00,489.08,-181.21,274.86,1.674,35.00,50.0,10.82
1712.00,487.40,-181.07,275.04,1.691,35.00,50.0,10.86
1713.00,485.70,-180.92,275.22,1.707,35.00,50.0,10.90
1714.00,483.98,-180.76,275.40,1.723,35.00,50.0,10.93
1715.00,482.25,-180.60,275.58,1.738,35.00,50.0,10.97
1716.00,480.50,-180.43,275.77,1.754,35.00,50.0,11.00
1717.00,478.74,-180.25,275.95,1.769,35.00,50.0,11.04
1718.00,476.97,-180.06,276.14,1.783,35.00,50.0,11.07
1719.00,475.18,-179.87,276.32,1.797,35.00,50.0,11.10
1720.00,473.38,-179.67,276.51,1.812,35.00,50.0,11.13
1721.00,471.57,-179.46,276.69,1.825,35.00,50.0,11.16
1722.00,469.74,-179.25,276.88,1.839,35.00,50.0,11.19
1723.00,467.90,-179.03,277.07,1.852,35.00,50.0,11.21
1724.00,466.05,-178.80,277.25,1.865,35.00,50.0,11.24
1725.00,464.20,-178.56,277.44,1.868,35.00,40.0,11.27
1726.00,462.35,-178.32,277.63,1.870,35.00,40.0,11.29
1727.00,460.49,-178.07,277.82,1.873,35.00,40.0,11.31
1728.00,458.63,-177.82,278.01,1.875,35.00,40.0,11.34
1729.00,456.77,-177.56,278.20,1.878,35.00,40.0,11.36
1730.00,454.91,-177.29,278.39,1.880,35.00,40.0,11.38
1731.00,453.05,-177.01,278.58,1.883,35.00,40.0,11.40
1732.00,451.18,-176.73,278.77,1.885,35.00,40.0,11.42
1733.00,449.32,-176.44,278.96,1.887,35.00,40.0,11.44
1734.00,447.45,-176.15,279.15,1.890,35.00,40.0,11.46
1735.00,445.58,-175.85,279.34,1.892,35.00,40.0,11.48
1736.00,443.72,-175.54,279.53,1.894,35.00,40.0,11.49
1737.00,441.85,-175.23,279.72,1.896,35.00,40.0,11.51
1738.00,439.97,-174.91,279.91,1.898,35.00,40.0,11.53
1739.00,438.11,-174.58,280.11,1.890,35.00,30.0,11.54
1740.00,436.26,-174.25,280.30,1.882,35.00,30.0,11.56
1741.00,434.41,-173.92,280.49,1.875,35.00,30.0,11.57
1742.00,432.58,-173.58,280.69,1.867,35.00,30.0,11.59
1743.00,430.75,-173.23,280.88,1.860,35.00,30.0,11.60
1744.00,428.93,-172.88,281.07,1.853,35.00,30.0,11.61
1745.00,427.12,-172.53,281.27,1.846,35.00,30.0,11.63
1746.00,425.32,-172.17,281.46,1.839,35.00,30.0,11.64
1747.00,423.52,-171.80,281.65,1.832,35.00,30.0,11.65
1748.00,421.73,-171.44,281.85,1.825,35.00,30.0,11.66
1749.00,419.95,-171.06,282.04,1.819,35.00,30.0,11.67
1750.00,418.18,-170.68,282.24,1.813,35.00,30.0,11.69
1751.00,416.42,-170.30,282.43,1.806,35.00,30.0,11.70
1752.00,414.66,-169.91,282.63,1.800,35.00,30.0,11.71
1753.00,412.91,-169.52,282.82,1.794,35.00,30.0,11.72
1754.00,411.16,-169.12,283.02,1.788,35.00,30.0,11.73
1755.00,409.43,-168.72,283.21,1.782,35.00,30.0,11.73
1756.00,407.70,-168.32,283.41,1.777,35.00,30.0,11.74
1757.00,405.97,-167.91,283.61,1.771,35.00,30.0,11.75
1758.00,404.26,-167.49,283.80,1.766,35.00,30.0,11.76
1759.00,402.55,-167.07,284.00,1.761,35.00,30.0,11.77
1760.00,400.84,-166.65,284.19,1.755,35.00,30.0,11.78
1761.00,399.15,-166.22,284.39,1.750,35.00,30.0,11.78
1762.00,397.46,-165.78,284.59,1.745,35.00,30.0,11.79
1763.00,395.77,-165.34,284.78,1.740,35.00,30.0,11.80
1764.00,394.10,-164.90,284.98,1.736,35.00,30.0,11.80
1765.00,392.42,-164.45,285.18,1.731,35.00,30.0,11.81
1766.00,390.76,-164.00,285.37,1.726,35.00,30.0,11.82
1767.00,389.10,-163.55,285.57,1.722,35.00,30.0,11.82
1768.00,387.44,-163.08,285.77,1.717,35.00,30.0,11.83
1769.00,385.79,-162.62,285.97,1.713,35.00,30.0,11.83
1770.00,384.15,-162.15,286.16,1.709,35.00,30.0,11.84
1771.00,382.51,-161.67,286.36,1.704,35.00,30.0,11.85
1772.00,380.88,-161.20,286.56,1.700,35.00,30.0,11.85
1773.00,379.26,-160.71,286.76,1.696,35.00,30.0,11.86
1774.00,377.64,-160.22,286.95,1.692,35.00,30.0,11.86
1775.00,376.02,-159.73,287.15,1.689,35.00,30.0,11.87
1776.00,374.41,-159.24,287.35,1.685,35.00,30.0,11.87
1777.00,372.81,-158.73,287.55,1.681,35.00,30.0,11.87
1778.00,371.21,-158.23,287.74,1.677,35.00,30.0,11.88
1779.00,369.61,-157.72,287.94,1.674,35.00,30.0,11.88
1780.00,368.02,-157.20,288.14,1.670,35.00,30.0,11.89
1781.00,366.44,-156.68,288.34,1.667,35.00,30.0,11.89
1782.00,364.86,-156.16,288.54,1.664,35.00,30.0,11.89
1783.00,363.29,-155.63,288.74,1.660,35.00,30.0,11.90
1784.00,361.72,-155.10,288.93,1.657,35.00,30.0,11.90
1785.00,360.15,-154.56,289.13,1.654,35.00,30.0,11.90
1786.00,358.59,-154.02,289.33,1.651,35.00,30.0,11.91
1787.00,357.04,-153.48,289.53,1.648,35.00,30.0,11.91
1788.00,355.49,-152.93,289.73,1.645,35.00,30.0,11.91
1789.00,353.94,-152.37,289.93,1.642,35.00,30.0,11.92
1790.00,352.40,-151.81,290.12,1.639,35.00,30.0,11.92
1791.00,350.86,-151.25,290.32,1.636,35.00,30.0,11.92
1792.00,349.33,-150.68,290.52,1.634,35.00,30.0,11.92
1793.00,347.80,-150.11,290.72,1.631,35.00,30.0,11.93
1794.00,346.28,-149.54,290.92,1.628,35.00,30.0,11.93
1795.00,344.76,-148.96,291.12,1.626,35.00,30.0,11.93
1796.00,343.25,-148.37,291.32,1.623,35.00,30.0,11.93
1797.00,341.74,-147.78,291.52,1.621,35.00,30.0,11.94
1798.00,340.23,-147.19,291.72,1.618,35.00,30.0,11.94
1799.00,338.73,-146.59,291.91,1.616,35.00,30.0,11.94
1800.00,337.23,-145.99,292.11,1.614,35.00,30.0,11.94
1801.00,335.74,-145.38,292.31,1.612,35.00,30.0,11.94
1802.00,334.25,-144.77,292.51,1.609,35.00,30.0,11.95
1803.00,332.77,-144.15,292.71,1.607,35.00,30.0,11.95
1804.00,331.29,-143.53,292.91,1.605,35.00,30.0,11.95
1805.00,329.81,-142.91,293.11,1.603,35.00,30.0,11.95
1806.00,328.34,-142.28,293.31,1.601,35.00,30.0,11.95
1807.00,326.87,-141.65,293.51,1.599,35.00,30.0,11.95
1808.00,325.40,-141.01,293.71,1.597,35.00,30.0,11.96
1809.00,323.94,-140.37,293.91,1.595,35.00,30.0,11.96
1810.00,322.49,-139.73,294.11,1.593,35.00,30.0,11.96
1811.00,321.04,-139.08,294.30,1.591,35.00,30.0,11.96
1812.00,319.59,-138.42,294.50,1.589,35.00,30.0,11.96
1813.00,318.14,-137.76,294.70,1.588,35.00,30.0,11.96
1814.00,316.70,-137.10,294.90,1.586,35.00,30.0,11.96
1815.00,315.27,-136.43,295.10,1.584,35.00,30.0,11.97
1816.00,313.83,-135.76,295.30,1.582,35.00,30.0,11.97
1817.00,312.40,-135.09,295.50,1.581,35.00,30.0,11.97
1818.00,310.98,-134.41,295.70,1.579,35.00,30.0,11.97
1819.00,309.56,-133.72,295.90,1.578,35.00,30.0,11.97
1820.00,308.14,-133.03,296.10,1.576,35.00,30.0,11.97
1821.00,306.72,-132.34,296.30,1.574,35.00,30.0,11.97
1822.00,305.31,-131.65,296.50,1.573,35.00,30.0,11.97
1823.00,303.91,-130.94,296.70,1.572,35.00,30.0,11.97
1824.00,302.51,-130.24,296.90,1.570,35.00,30.0,11.97
1825.00,301.11,-129.53,297.10,1.569,35.00,30.0,11.98
1826.00,299.71,-128.81,297.30,1.567,35.00,30.0,11.98
1827.00,298.32,-128.10,297.50,1.566,35.00,30.0,11.98
1828.00,296.93,-127.37,297.70,1.565,35.00,30.0,11.98
1829.00,295.55,-126.65,297.90,1.563,35.00,30.0,11.98
1830.00,294.17,-125.92,298.10,1.562,35.00,30.0,11.98
1831.00,292.79,-125.18,298.30,1.561,35.00,30.0,11.98
1832.00,291.42,-124.44,298.50,1.560,35.00,30.0,11.98
1833.00,290.05,-123.70,298.69,1.558,35.00,30.0,11.98
1834.00,288.68,-122.95,298.89,1.557,35.00,30.0,11.98
1835.00,287.32,-122.20,299.09,1.556,35.00,30.0,11.98
1836.00,285.96,-121.44,299.29,1.555,35.00,30.0,11.98
1837.00,284.61,-120.68,299.49,1.554,35.00,30.0,11.98
1838.00,283.25,-119.92,299.69,1.553,35.00,30.0,11.98
1839.00,281.91,-119.15,299.89,1.552,35.00,30.0,11.98
1840.00,280.56,-118.38,300.09,1.551,35.00,30.0,11.99
1841.00,279.22,-117.60,300.29,1.550,35.00,30.0,11.99
1842.00,277.88,-116.82,300.49,1.549,35.00,30.0,11.99
1843.00,276.55,-116.03,300.69,1.548,35.00,30.0,11.99
1844.00,275.22,-115.24,300.89,1.547,35.00,30.0,11.99
1845.00,273.89,-114.45,301.09,1.546,35.00,30.0,11.99
1846.00,272.57,-113.65,301.29,1.545,35.00,30.0,11.99
1847.00,271.25,-112.85,301.49,1.544,35.00,30.0,11.99
1848.00,269.93,-112.04,301.69,1.543,35.00,30.0,11.99
1849.00,268.62,-111.23,301.89,1.542,35.00,30.0,11.99
1850.00,267.31,-110.42,302.09,1.541,35.00,30.0,11.99
1851.00,266.01,-109.60,302.29,1.541,35.00,30.0,11.99
1852.00,264.71,-108.78,302.49,1.540,35.00,30.0,11.99
1853.00,263.41,-107.95,302.69,1.539,35.00,30.0,11.99
1854.00,262.11,-107.12,302.89,1.538,35.00,30.0,11.99
1855.00,260.82,-106.29,303.09,1.537,35.00,30.0,11.99
1856.00,259.54,-105.45,303.29,1.537,35.00,30.0,11.99
1857.00,258.25,-104.60,303.49,1.536,35.00,30.0,11.99
1858.00,256.97,-103.76,303.69,1.535,35.00,30.0,11.99
1859.00,255.69,-102.91,303.89,1.535,35.00,30.0,11.99
1860.00,254.42,-102.05,304.09,1.534,35.00,30.0,11.99
1861.00,253.15,-101.19,304.29,1.533,35.00,30.0,11.99
1862.00,251.88,-100.33,304.49,1.533,35.00,30.0,11.99
1863.00,250.62,-99.46,304.69,1.532,35.00,30.0,11.99
1864.00,249.36,-98.59,304.89,1.531,35.00,30.0,11.99
1865.00,248.11,-97.71,305.09,1.531,35.00,30.0,11.99
1866.00,246.86,-96.83,305.29,1.530,35.00,30.0,11.99
1867.00,245.61,-95.95,305.49,1.529,35.00,30.0,11.99
1868.00,244.36,-95.06,305.69,1.529,35.00,30.0,11.99
1869.00,243.12,-94.17,305.89,1.528,35.00,30.0,11.99
1870.00,241.88,-93.28,306.09,1.528,35.00,30.0,11.99
1871.00,240.65,-92.38,306.29,1.527,35.00,30.0,11.99
1872.00,239.42,-91.47,306.49,1.527,35.00,30.0,11.99
1873.00,238.19,-90.57,306.69,1.526,35.00,30.0,12.00
1874.00,236.97,-89.65,306.89,1.526,35.00,30.0,12.00
1875.00,235.75,-88.74,307.09,1.525,35.00,30.0,12.00
1876.00,234.53,-87.82,307.29,1.525,35.00,30.0,12.00
1877.00,233.32,-86.90,307.49,1.524,35.00,30.0,12.00
1878.00,232.11,-85.97,307.69,1.524,35.00,30.0,12.00
1879.00,230.91,-85.04,307.89,1.523,35.00,30.0,12.00
1880.00,229.70,-84.10,308.09,1.523,35.00,30.0,12.00
1881.00,228.51,-83.16,308.29,1.522,35.00,30.0,12.00
1882.00,227.31,-82.22,308.49,1.522,35.00,30.0,12.00
1883.00,226.12,-81.27,308.69,1.521,35.00,30.0,12.00
1884.00,224.93,-80.32,308.89,1.521,35.00,30.0,12.00
1885.00,223.75,-79.37,309.09,1.520,35.00,30.0,12.00
1886.00,222.57,-78.41,309.29,1.520,35.00,30.0,12.00
1887.00,221.39,-77.45,309.49,1.520,35.00,30.0,12.00
1888.00,220.22,-76.48,309.69,1.519,35.00,30.0,12.00
1889.00,219.05,-75.51,309.89,1.519,35.00,30.0,12.00
1890.00,217.89,-74.54,310.09,1.518,35.00,30.0,12.00
1891.00,216.73,-73.56,310.29,1.518,35.00,30.0,12.00
1892.00,215.57,-72.58,310.49,1.518,35.00,30.0,12.00
1893.00,214.42,-71.59,310.69,1.517,35.00,30.0,12.00
1894.00,213.26,-70.61,310.89,1.517,35.00,30.0,12.00
1895.00,212.12,-69.61,311.09,1.517,35.00,30.0,12.00
1896.00,210.98,-68.62,311.29,1.516,35.00,30.0,12.00
1897.00,209.84,-67.62,311.49,1.516,35.00,30.0,12.00
1898.00,208.70,-66.61,311.69,1.516,35.00,30.0,12.00
1899.00,207.57,-65.60,311.89,1.515,35.00,30.0,12.00
1900.00,206.44,-64.59,312.09,1.515,35.00,30.0,12.00
1901.00,205.32,-63.58,312.29,1.515,35.00,30.0,12.00
1902.00,204.20,-62.56,312.49,1.514,35.00,30.0,12.00
1903.00,203.08,-61.54,312.69,1.514,35.00,30.0,12.00
1904.00,201.97,-60.51,312.89,1.514,35.00,30.0,12.00
1905.00,200.86,-59.48,313.09,1.514,35.00,30.0,12.00
1906.00,199.75,-58.44,313.29,1.513,35.00,30.0,12.00
1907.00,198.65,-57.41,313.49,1.513,35.00,30.0,12.00
1908.00,197.55,-56.37,313.69,1.513,35.00,30.0,12.00
1909.00,196.46,-55.32,313.89,1.513,35.00,30.0,12.00
1910.00,195.37,-54.27,314.09,1.512,35.00,30.0,12.00
1911.00,194.28,-53.22,314.29,1.512,35.00,30.0,12.00
1912.00,193.20,-52.17,314.49,1.512,35.00,30.0,12.00
1913.00,192.12,-51.11,314.69,1.512,35.00,30.0,12.00
1914.00,191.05,-50.04,314.89,1.511,35.00,30.0,12.00
1915.00,189.98,-48.98,315.09,1.511,35.00,30.0,12.00
1916.00,188.91,-47.91,315.29,1.511,35.00,30.0,12.00
1917.00,187.85,-46.83,315.49,1.511,35.00,30.0,12.00
1918.00,186.79,-45.76,315.69,1.510,35.00,30.0,12.00
1919.00,185.73,-44.68,315.89,1.510,35.00,30.0,12.00
1920.00,184.68,-43.59,316.09,1.510,35.00,30.0,12.00
1921.00,183.64,-42.50,316.29,1.510,35.00,30.0,12.00
1922.00,182.59,-41.41,316.49,1.510,35.00,30.0,12.00
1923.00,181.55,-40.32,316.69,1.509,35.00,30.0,12.00
1924.00,180.52,-39.22,316.89,1.509,35.00,30.0,12.00
1925.00,179.49,-38.12,317.09,1.509,35.00,30.0,12.00
1926.00,178.46,-37.01,317.29,1.509,35.00,30.0,12.00
1927.00,177.44,-35.90,317.49,1.509,35.00,30.0,12.00
1928.00,176.42,-34.79,317.69,1.509,35.00,30.0,12.00
1929.00,175.40,-33.68,317.89,1.508,35.00,30.0,12.00
1930.00,174.39,-32.56,318.09,1.508,35.00,30.0,12.00
1931.00,173.38,-31.44,318.29,1.508,35.00,30.0,12.00
1932.00,172.38,-30.31,318.49,1.508,35.00,30.0,12.00
1933.00,171.38,-29.18,318.69,1.508,35.00,30.0,12.00
1934.00,170.38,-28.05,318.89,1.508,35.00,30.0,12.00
1935.00,169.39,-26.91,319.09,1.507,35.00,30.0,12.00
1936.00,168.41,-25.77,319.29,1.507,35.00,30.0,12.00
1937.00,167.42,-24.63,319.49,1.507,35.00,30.0,12.00
1938.00,166.44,-23.49,319.69,1.507,35.00,30.0,12.00
1939.00,165.47,-22.34,319.89,1.507,35.00,30.0,12.00
1940.00,164.50,-21.18,320.09,1.507,35.00,30.0,12.00
